dLoss,AverageReturn,NumTrajs,LossAfter,AverageDiscountedReturn,MaxReturn,MeanKLBefore,Iteration,StdReturn,MinReturn,LossBefore,Perplexity,ExplainedVariance,Entropy,MeanKL
0.0155772071147,19.3076923077,208,-0.0155772071147,17.305025925,61.0,-3.51927284967e-19,0,9.22535899143,8.0,3.46115345326e-16,1.97320829574,1.50827905721e-10,0.679660794575,0.00544219083644
0.0201730648722,22.7784090909,176,-0.0201730648722,19.8428374516,95.0,3.04481519574e-19,1,12.906208415,9.0,-1.6243485036e-16,1.98581680104,-0.00331949643236,0.686030316172,0.00723323091514
0.0288794450012,26.5761589404,151,-0.0288794450012,22.7870569839,74.0,-9.1440351979e-19,2,13.313557839,10.0,5.87618665413e-17,1.97910350508,0.320035543032,0.682643966963,0.00801836789852
0.0217040520615,41.2680412371,97,-0.0217040520615,31.7578646999,121.0,1.97560042143e-18,3,26.4573243085,9.0,-3.81630497598e-17,1.93994914997,0.180116080965,0.662661761375,0.00790696255796
0.0196325701653,55.4383561644,73,-0.0196325701653,39.726859361,162.0,1.36130018314e-18,4,33.8242785064,14.0,-1.37714840218e-17,1.90039166997,0.171841735189,0.642060007016,0.0069773097203
0.0128593773216,85.3404255319,47,-0.0128593773216,54.9552904844,200.0,9.1569753231e-20,5,35.269344531,15.0,-5.30148101933e-17,1.8670654559,0.340058392643,0.624367923346,0.0069335118458
0.00966279625392,108.783783784,37,-0.00966279625392,64.4594587147,166.0,-6.7473772765e-19,6,33.6412995339,21.0,1.53693483061e-16,1.83221175157,0.601305980667,0.605523844489,0.00573642913784
0.0120391226624,106.763157895,38,-0.0120391226624,63.7602065666,195.0,7.36142575602e-19,7,35.9600906053,51.0,-4.10039542648e-17,1.80324035595,0.529751849838,0.589585244241,0.00600292432765
0.0112500035181,117.857142857,35,-0.0112500035181,67.7051304569,200.0,1.17983632175e-18,8,34.9956265489,72.0,-1.81672858575e-18,1.78559794175,0.596532833572,0.579753340511,0.00688578594417
0.00906981316249,125.40625,32,-0.00906981316249,69.739319029,200.0,2.44562141163e-18,9,36.8186937701,56.0,-1.20345630628e-16,1.79743553847,0.577773287484,0.586360948201,0.00649171609268
0.00792118542112,134.366666667,30,-0.00792118542112,72.5324349876,200.0,6.94830498174e-19,10,34.8792998146,72.0,1.38812305733e-17,1.77963568534,0.693032341253,0.576408672198,0.00670876520831
0.00639801939094,134.133333333,30,-0.00639801939094,72.5659729308,200.0,-2.13131388413e-18,11,34.3401934894,85.0,9.18748178927e-17,1.74475265593,0.674449115853,0.556612801153,0.00655009647583
0.00854172178046,144.071428571,28,-0.00854172178046,74.9417639238,200.0,1.44733416551e-18,12,35.598884986,80.0,1.18260494219e-16,1.7490755476,0.758370218614,0.559087389842,0.00609631073331
0.0139172489695,150.407407407,27,-0.0139172489695,77.0908716852,200.0,1.42959636217e-18,13,28.1349384209,110.0,1.78603472541e-16,1.72207642979,0.813378170493,0.543530789333,0.0076746833063
0.0053277175821,154.615384615,26,-0.0053277175821,77.6807473851,200.0,3.76492073928e-18,14,32.3467712371,77.0,-2.43862420583e-17,1.72137394308,0.797546818565,0.54312277607,0.004198740422
0.00697768642978,140.586206897,29,-0.00697768642978,74.6704594405,200.0,-1.11188037639e-18,15,28.8772876286,92.0,1.91926707814e-16,1.70959646975,0.735990371256,0.536257360064,0.00541750409958
0.00682511615486,149.535714286,28,-0.00682511615486,76.5326449009,200.0,2.63095154561e-18,16,33.2807131436,88.0,-2.02422798423e-16,1.70066555674,0.763895219532,0.531019678408,0.00579078727617
0.00716319211335,156.230769231,26,-0.00716319211335,78.1442703662,200.0,4.36451872161e-19,17,30.2785881343,69.0,-1.02002765335e-16,1.69640107561,0.810133533036,0.528508992671,0.00580828311597
0.00974183189857,160.0,26,-0.00974183189857,79.0194208072,200.0,1.33018771549e-18,18,29.6466368569,93.0,6.12677643662e-16,1.66652820204,0.796071292149,0.510742541536,0.00514550584424
0.00968963199328,161.12,25,-0.00968963199328,79.3690270106,200.0,-1.7768505158e-18,19,28.11166306,98.0,-1.94426842495e-16,1.65027781369,0.803140650955,0.500943645671,0.00697968308067
0.00701453090908,160.230769231,26,-0.00701453090908,79.3601351446,200.0,1.38793446808e-19,20,25.0895437802,108.0,1.74821484434e-17,1.64385721916,0.821392139464,0.497045443203,0.00763877537154
0.00660225780098,166.28,25,-0.00660225780098,80.6506943692,200.0,2.91415173697e-19,21,23.8805695074,123.0,5.01029202357e-17,1.62393848076,0.890844797099,0.484854359715,0.00633972938378
0.00675912249322,152.740740741,27,-0.00675912249322,77.6596919416,200.0,7.14961151882e-19,22,26.4849259609,96.0,7.04253984583e-17,1.60735821803,0.819779473487,0.474591972949,0.00473559128857
0.00772780632647,163.88,25,-0.00772780632647,79.9788897131,200.0,1.66077645667e-18,23,27.8931102604,120.0,-4.96985361768e-17,1.60420094072,0.858493657941,0.472625776362,0.00589317789882
0.00633937881532,165.72,25,-0.00633937881532,80.4501246241,200.0,1.51804686764e-18,24,25.9145055905,129.0,1.79007719153e-17,1.62078075019,0.87441981493,0.482907977707,0.00474045859599
0.00657531298201,155.230769231,26,-0.00657531298201,78.5373329867,200.0,-1.30860061225e-18,25,20.627292772,120.0,1.59078784723e-16,1.61668427173,0.902113589631,0.480377305953,0.0060905615121
0.00681383344387,165.36,25,-0.00681383344387,80.5326855287,200.0,1.69075061039e-18,26,22.7681883337,127.0,2.95817770108e-17,1.61703457075,0.906524397541,0.480593959927,0.004703186861
0.00664176597484,171.375,24,-0.00664176597484,81.613579622,200.0,-1.3597772633e-18,27,23.7834194696,133.0,-1.51862745843e-16,1.6094200781,0.913769795068,0.475873914169,0.0053724410857
0.00412643944527,172.291666667,24,-0.00412643944527,81.9045825565,200.0,-2.00360593067e-18,28,20.9294034926,137.0,1.09545585017e-16,1.61413902037,0.921720231024,0.478801700198,0.00323464799327
0.00636786894702,170.541666667,24,-0.00636786894702,81.2134724362,200.0,2.09565748822e-18,29,27.9716808675,97.0,1.62912276714e-16,1.63023842025,0.894344905427,0.488726274213,0.0046279239919
0.0119733599735,171.583333333,24,-0.0119733599735,81.8319599307,200.0,-7.34257177165e-19,30,19.3281242983,136.0,-1.92064808825e-16,1.61472239606,0.909263038356,0.479163050916,0.00703905573673
0.00631133171946,173.5,24,-0.00631133171946,81.895091826,200.0,1.44325194531e-18,31,25.8263431403,128.0,-1.88289985588e-16,1.61819587565,0.896435748068,0.481311871663,0.00521334656538
0.00388276801396,171.0,24,-0.00388276801396,81.4985077423,200.0,2.14311321171e-19,32,24.8646335183,127.0,-5.04605021402e-16,1.61189634224,0.927272307712,0.477411338193,0.00457683950511
0.00682627756085,168.0,24,-0.00682627756085,80.9487868677,200.0,3.41196170188e-19,33,24.4625564213,124.0,6.11283510582e-18,1.60446934833,0.91515278577,0.47279307782,0.00458508693914
0.00785759174258,172.083333333,24,-0.00785759174258,81.8871528834,200.0,5.67034313573e-19,34,20.369332886,141.0,-1.5435594691e-16,1.61113950833,0.921691746324,0.476941697795,0.00495046935319
0.00980923317275,167.416666667,24,-0.00980923317275,80.4836316109,200.0,-1.30884213813e-18,35,30.2791411518,103.0,-1.87339773692e-16,1.61142574878,0.824347104303,0.477119345372,0.00474445420593
0.0062870086113,173.25,24,-0.00628700861129,82.0651666142,200.0,-3.70933254607e-20,36,21.378045592,142.0,9.5749393129e-17,1.6038517406,0.923801307865,0.472408074123,0.00500419563149
0.0057454321726,165.72,25,-0.0057454321726,80.5350646096,200.0,-1.64738038642e-18,37,23.902334614,124.0,3.2977080717e-16,1.61880294345,0.903372863104,0.481686952311,0.00462830195933
0.00706827403372,166.0,25,-0.00706827403372,80.6650670636,200.0,-5.40899058724e-19,38,22.4428162226,134.0,3.0711711621e-17,1.61414684542,0.91706289686,0.478806548004,0.00528102696967
0.00774786654962,170.708333333,24,-0.00774786654962,81.6277239279,200.0,2.95292341672e-18,39,20.1462965304,126.0,-1.27687842129e-16,1.6107004337,0.94359646798,0.476669136376,0.00677633295182
0.00398031350773,174.666666667,24,-0.00398031350773,82.1441486714,200.0,-5.49818600251e-19,40,24.9477231203,117.0,1.25217902205e-16,1.59903321077,0.875386546636,0.469399203348,0.0039911235449
0.00661962784726,174.782608696,23,-0.00661962784726,82.3192688774,200.0,2.05466807125e-19,41,21.4231823271,126.0,-2.1652110729e-16,1.59669017451,0.93961330875,0.467932845722,0.00511733272022
0.00794772385034,170.916666667,24,-0.00794772385034,81.4693164911,200.0,7.76768773695e-19,42,24.9765167485,122.0,-1.31267227436e-16,1.58787892159,0.914975179843,0.462399114066,0.00672947208863
0.00702031107023,170.166666667,24,-0.00702031107023,81.5195798683,200.0,-3.56173984361e-18,43,20.8659744294,135.0,-1.63108181874e-18,1.57424989611,0.932087754507,0.453778902392,0.00587714351529
0.00654226395109,176.173913043,23,-0.00654226395109,82.525147426,200.0,2.34883320051e-18,44,22.4879720003,133.0,-3.42821087959e-16,1.58782526649,0.942267931999,0.462365323073,0.00571263800534
0.00709741562985,165.52,25,-0.00709741562985,80.6060337805,200.0,-8.60395241444e-19,45,21.6723233641,130.0,-4.27669284981e-17,1.57297987356,0.940789687181,0.452971829052,0.00649788627241
0.00678744312882,168.75,24,-0.00678744312882,81.3226888486,200.0,-1.97796904404e-18,46,19.050918613,125.0,1.43095412063e-16,1.56038749937,0.962747422767,0.444934187446,0.00638843379835
0.00518298200815,181.909090909,22,-0.00518298200815,83.5752652866,200.0,9.36669839265e-19,47,20.3958754541,143.0,2.37801893231e-16,1.56196248315,0.947530503575,0.445943032658,0.00457347881448
0.00593501102192,173.041666667,24,-0.00593501102192,81.9727214855,200.0,-6.89785199244e-19,48,22.4879211405,135.0,-4.40560448972e-17,1.5629244368,0.926003128322,0.446558705293,0.00480718910811
0.00488742148422,177.695652174,23,-0.00488742148421,82.7876649254,200.0,-1.81454762341e-18,49,22.3712447082,133.0,4.1116554198e-16,1.56533485721,0.936379367137,0.448099767376,0.00365896966136
0.00508241716147,168.791666667,24,-0.00508241716147,81.3354366232,200.0,-7.61461847902e-19,50,18.8480307695,135.0,1.47225822964e-16,1.56860201374,0.950854992146,0.45018478558,0.00429193479871
0.00510706974283,174.130434783,23,-0.00510706974283,82.2968791777,200.0,-2.27369016243e-19,51,19.2609186377,144.0,-3.75895735678e-17,1.56600144907,0.893849958251,0.448525522902,0.00425060704649
0.00498284594573,171.541666667,24,-0.00498284594573,81.6366826614,200.0,-3.5477979807e-19,52,24.1246401815,131.0,-1.72911101139e-16,1.56488129876,0.914354731942,0.447809973679,0.00621830706672
0.00734815548525,174.083333333,24,-0.00734815548525,82.2789006716,200.0,6.42759152016e-19,53,19.4270358579,135.0,-4.16665797657e-17,1.58339724011,0.943451055892,0.459572690737,0.00465938450495
0.00668889012721,171.041666667,24,-0.00668889012721,81.5368291984,200.0,9.5322676038e-19,54,24.3113128102,133.0,-1.15941226034e-16,1.5733002823,0.929757064585,0.453175503694,0.00583967118169
0.00529684242781,176.391304348,23,-0.00529684242781,82.6542978709,200.0,-1.97980279517e-18,55,20.0558765766,138.0,-6.95086636073e-18,1.55866240598,0.91993952169,0.443828021393,0.00542876841994
0.00660421784341,178.782608696,23,-0.00660421784341,82.9610819175,200.0,-9.45630839264e-19,56,22.8415268692,142.0,-1.70637390944e-16,1.56011198971,0.926155569785,0.444757606958,0.00849699393287
0.00777225427531,184.363636364,22,-0.00777225427531,83.9995074693,200.0,-2.05574529262e-18,57,19.5925436989,148.0,-2.20200391999e-16,1.55427591644,0.938053579444,0.441009788588,0.005080318246
0.0067755080448,176.652173913,23,-0.0067755080448,82.6799140372,200.0,1.19850183399e-18,58,20.8318499787,139.0,1.94365027532e-16,1.55697596508,0.943205573963,0.442745456045,0.00457243525709
0.00543072312774,179.695652174,23,-0.00543072312774,83.2800973242,200.0,5.57009077975e-19,59,18.3502986177,141.0,2.10735534193e-16,1.54477055423,0.950020795518,0.434875390734,0.00445608519383
0.00627806975694,181.818181818,22,-0.00627806975694,83.5072001377,200.0,-1.11026149717e-18,60,21.5883730568,135.0,3.14609449603e-17,1.56122677949,0.941479531673,0.445471909325,0.00783752422997
0.0074076801869,180.652173913,23,-0.0074076801869,83.3953406754,200.0,-1.24486600849e-18,61,19.5016358191,133.0,4.37035085217e-16,1.55603030281,0.943473458462,0.442137900379,0.00767922111986
0.00392015712785,184.090909091,22,-0.00392015712785,84.0487584369,200.0,-4.46071391403e-19,62,16.8088426158,156.0,1.31006316906e-16,1.55976678385,0.958032479794,0.444536312554,0.00439060630564
0.0063200191496,177.913043478,23,-0.0063200191496,83.0882032179,200.0,1.06732146674e-18,63,14.7173752489,152.0,-5.5728203631e-17,1.5753213211,0.962304942922,0.454459264865,0.00636901219622
0.00620062654416,176.52173913,23,-0.00620062654416,82.6871677647,200.0,-1.57801944441e-18,64,19.9605470981,140.0,9.71308419574e-17,1.56209105363,0.938383189039,0.446025342694,0.00452576005521
0.00416497261662,177.347826087,23,-0.00416497261662,82.8706058286,200.0,-9.45377635728e-19,65,18.8440019188,147.0,1.95316509554e-16,1.5562645619,0.942413552409,0.442288438228,0.00536856620407
0.00468342123884,177.913043478,23,-0.00468342123884,83.0001305197,200.0,-3.69425275852e-18,66,17.8396554935,145.0,5.80343853781e-17,1.56190330143,0.954122513724,0.445905142609,0.00422663044397
0.00433897619712,182.5,22,-0.00433897619712,83.7225184888,200.0,6.09504766243e-19,67,19.0257003216,142.0,-3.74959507196e-17,1.56464444598,0.950573740405,0.447658607115,0.00645613495504
0.00882896772871,172.416666667,24,-0.00882896772871,81.9499608726,200.0,-5.0196823619e-21,68,20.311976489,132.0,-3.25393543805e-16,1.55495756554,0.947063469789,0.441448256218,0.00517937069369
0.0105217416008,181.869565217,23,-0.0105217416008,83.6789349804,200.0,2.98410229269e-18,69,17.1421279888,148.0,-1.18414057479e-16,1.56771276623,0.956967813667,0.449617720348,0.00685268219556
0.00818801419674,183.136363636,22,-0.00818801419674,83.7985656673,200.0,1.70988129382e-18,70,19.5733944066,133.0,-6.93303829724e-17,1.55992993404,0.942623081911,0.444640906174,0.00350963745857
0.0048862564168,174.869565217,23,-0.0048862564168,82.3431474574,200.0,5.62453852476e-19,71,21.4583607863,137.0,9.95391403978e-17,1.55784900121,0.940948210787,0.443306024402,0.00553889717154
0.00603184724748,182.260869565,23,-0.00603184724748,83.6951679887,200.0,4.36952775364e-19,72,18.580535377,138.0,-1.16054324759e-16,1.5553222023,0.940341029988,0.441682728222,0.00316355032147
0.00532780238218,181.52173913,23,-0.00532780238218,83.5500131539,200.0,5.79873948316e-19,73,19.3590099577,139.0,2.09546285845e-17,1.56546772349,0.94585824191,0.44818464419,0.00498434220865
0.00518219309903,179.608695652,23,-0.00518219309903,83.2623196901,200.0,1.04944310422e-18,74,18.5770759398,148.0,1.29808211303e-16,1.55156502094,0.952454106684,0.439264112464,0.00542442127077
0.0045085260117,172.666666667,24,-0.0045085260117,81.9159941004,200.0,-8.63441785974e-19,75,22.2273605171,132.0,4.72327025196e-17,1.55937137704,0.939631510947,0.444282776615,0.00458199299151
0.007965762408,182.52173913,23,-0.007965762408,83.6907775279,200.0,-3.49661127527e-19,76,20.0453172786,146.0,-1.69257440629e-17,1.55250067548,0.93970687785,0.439866969919,0.0062137856709
0.00528940571595,179.217391304,23,-0.00528940571595,83.1872059825,200.0,-3.07236941581e-18,77,18.7685132295,140.0,-2.07661803005e-16,1.55257655195,0.953336122617,0.439915842432,0.00682776338188
0.00575741411842,174.333333333,24,-0.00575741411842,82.4446810852,200.0,8.09137432824e-20,78,15.675529408,148.0,-1.87124588185e-16,1.54285287004,0.952573250863,0.433633215654,0.00323443081001
0.00601290274598,178.130434783,23,-0.00601290274598,82.9393927262,200.0,2.43705766755e-18,79,20.5157507844,141.0,2.84750391573e-16,1.55219556518,0.933326764672,0.439670422315,0.00475256261828
0.00892934150977,175.0,23,-0.00892934150977,82.466511814,200.0,1.33414674428e-18,80,18.7454342267,143.0,-5.98003358357e-17,1.55055960553,0.945675696624,0.438615901602,0.00688220609825
0.00846847842836,182.454545455,22,-0.00846847842836,83.7534527783,200.0,-1.75480104346e-18,81,17.7296035764,148.0,1.00124747114e-16,1.54683429955,0.952554387973,0.436210455024,0.00439323876009
0.00817062428022,186.227272727,22,-0.00817062428022,84.3738738199,200.0,9.39573603676e-21,82,17.1064363702,151.0,2.19822532969e-16,1.5551559755,0.956279508441,0.441575846388,0.00901097442648
0.00363208858208,183.727272727,22,-0.00363208858208,83.9782117669,200.0,2.44901384139e-18,83,17.226253268,157.0,-1.99191919213e-16,1.56069204681,0.957732912861,0.445129342641,0.00486284503748
0.00563055306511,173.25,24,-0.00563055306511,82.1346818997,200.0,-3.49045373667e-20,84,19.3783599237,140.0,-3.02768071957e-16,1.56170853443,0.94136354328,0.44578043633,0.00484653342462
0.00575842977747,183.363636364,22,-0.00575842977747,83.9589147021,200.0,5.7291175906e-22,85,15.8100815205,153.0,-5.08049505071e-17,1.55539562364,0.951360967295,0.44172993362,0.00416734946239
0.00402001168188,188.681818182,22,-0.00402001168188,84.7927551591,200.0,1.81273439795e-18,86,15.6187136114,155.0,-2.32154561642e-16,1.54723778089,0.96150822614,0.4364712643,0.00374025341235
0.00557025445009,179.913043478,23,-0.00557025445009,83.3228716362,200.0,-1.14350782727e-18,87,18.1129620737,143.0,3.84634057057e-16,1.5466261252,0.956728186118,0.436075865073,0.00522413163648
0.00498018046939,183.136363636,22,-0.00498018046939,83.9062231446,200.0,-7.56104937236e-19,88,16.5042569014,153.0,8.07660383514e-17,1.54875108246,0.960554282453,0.437448852887,0.00397834990783
0.00771240944609,176.130434783,23,-0.00771240944609,82.7038725366,200.0,1.12610914536e-18,89,17.4886406557,143.0,7.66823999729e-17,1.54866001952,0.949756240523,0.437390053498,0.004973825752
0.00560395241844,180.0,23,-0.00560395241844,83.3715216231,200.0,-1.35927786099e-18,90,17.1995955463,147.0,9.37152931747e-17,1.55356468751,0.943671392772,0.440552088839,0.00955438274997
0.00527937985197,184.272727273,22,-0.00527937985197,84.0538447952,200.0,-2.36866916158e-18,91,17.4308551352,144.0,-2.06270345868e-16,1.53985365289,0.957762984731,0.431687381319,0.00405591984353
0.00453209966605,185.090909091,22,-0.00453209966605,84.1254899502,200.0,3.64827142384e-19,92,19.3153473856,147.0,-1.44188238625e-16,1.54544687029,0.950482965715,0.43531310496,0.00597649567131
0.00772363108823,182.0,23,-0.00772363108823,83.5857398014,200.0,5.52135013017e-19,93,20.3982096401,137.0,-4.15020780921e-16,1.54205259902,0.93875292201,0.433114385465,0.00434036786331
0.00481182493866,190.136363636,22,-0.00481182493866,84.9868345904,200.0,3.88054865918e-18,94,16.3715258759,148.0,-3.9896898174e-16,1.55405329617,0.945994563463,0.44086654748,0.00433575496482
0.00596658713033,185.818181818,22,-0.00596658713033,84.2700287805,200.0,2.14852456279e-20,95,18.2024882506,143.0,7.22948554685e-17,1.56743096446,0.955111485016,0.449437950745,0.00542380041931
0.00586251838836,188.545454545,22,-0.00586251838836,84.8233171729,200.0,1.12571518153e-18,96,13.4256446357,155.0,-4.08544943295e-16,1.55857646028,0.969358793777,0.443772879192,0.00514941308693
0.00635005805768,187.181818182,22,-0.00635005805768,84.555393197,200.0,-2.81132642746e-19,97,15.6978179249,140.0,-4.2737385591e-16,1.56353945803,0.960818244165,0.446952134584,0.00575213424006
0.00424262570182,179.391304348,23,-0.00424262570182,83.2210174768,200.0,-8.40783127063e-19,98,18.7541047807,151.0,4.54206608232e-17,1.5506799261,0.941340926968,0.438693496745,0.00458880610481
0.00882248226936,187.5,22,-0.00882248226936,84.5635650872,200.0,-2.96940361739e-19,99,17.2883302732,146.0,-3.37453970491e-16,1.5572890324,0.950285768611,0.442946509794,0.0030188983986
0.00799424521419,180.826086957,23,-0.00799424521419,83.4968773151,200.0,2.45902136719e-18,100,17.4072752754,141.0,-1.15573709669e-16,1.56280220438,0.958482328823,0.446480494733,0.00977335166387
0.00510985203416,186.863636364,22,-0.00510985203416,84.5167546568,200.0,7.85478493608e-19,101,15.4751867504,150.0,-1.21203622829e-16,1.55340570264,0.963438584067,0.440449748068,0.00555159291948
0.0063259438636,177.956521739,23,-0.0063259438636,83.000564996,200.0,-1.128725815e-18,102,17.9382473597,144.0,-1.13572045055e-16,1.55954300745,0.959973740883,0.444392834405,0.00497915745557
0.00348809691349,186.909090909,22,-0.00348809691349,84.5376336169,200.0,-1.96387193668e-19,103,14.9602779839,150.0,-1.52493668363e-16,1.55549909359,0.949294058517,0.441796454645,0.00498656897458
0.00530383524479,180.0,23,-0.00530383524479,83.354684234,200.0,1.08533456324e-18,104,17.7739428231,145.0,-2.54814956038e-16,1.55956875501,0.953710808515,0.444409343946,0.00578508817136
0.0074701147404,179.0,23,-0.0074701147404,83.1024375763,200.0,-1.81719253829e-18,105,20.1817825731,146.0,1.73720105043e-16,1.56292775044,0.951052193264,0.446560825442,0.00691066671176
0.00451328230677,183.772727273,22,-0.00451328230677,83.8903463557,200.0,-4.00682744921e-19,106,19.9884780861,145.0,1.03973223798e-15,1.55565098219,0.949246142658,0.441894096092,0.0032015070757
0.0053944708028,182.130434783,23,-0.0053944708028,83.6735600628,200.0,-3.02269242991e-18,107,18.55732446,143.0,1.04263962255e-16,1.55078837222,0.949961011242,0.438763428861,0.00421631018465
0.00454637608862,183.181818182,22,-0.00454637608862,83.9294509152,200.0,-4.45879897886e-19,108,15.7122892367,147.0,3.12047052107e-16,1.56440515889,0.957835136702,0.447505661575,0.0042265730623
0.00835141731947,182.454545455,22,-0.00835141731947,83.7982628682,200.0,-1.85345066838e-18,109,16.2920149787,152.0,4.61071694581e-17,1.56510601054,0.957189533867,0.447953560064,0.00744762985214
0.00611609521295,181.608695652,23,-0.00611609521295,83.6904404998,200.0,-2.07561348318e-18,110,15.2079473801,155.0,-7.96319890299e-17,1.54395472866,0.966808209373,0.434347130357,0.00728073322539
0.0061322649893,184.818181818,22,-0.0061322649893,84.1466183533,200.0,1.8702727585e-19,111,17.1931179774,146.0,-3.1127748354e-18,1.54558752614,0.954084451566,0.43540411388,0.00492665421908
0.00413230218471,181.954545455,22,-0.00413230218471,83.685960681,200.0,-2.21044159813e-19,112,17.3950809994,150.0,2.29602330986e-16,1.5492753957,0.947587707011,0.437787334983,0.00545406130273
0.003687845545,178.434782609,23,-0.003687845545,83.0786911393,200.0,-3.31654754036e-18,113,18.0959425838,147.0,3.91553802593e-16,1.54393840857,0.956952430002,0.434336559982,0.00311271881248
0.00484000822723,177.173913043,23,-0.00484000822723,82.9597379133,200.0,-3.09232043133e-18,114,14.8372392074,148.0,2.7190247327e-16,1.55926888302,0.964186440316,0.444217046672,0.00652320825644
0.00572443092016,180.260869565,23,-0.00572443092016,83.4065532735,200.0,2.15934861285e-18,115,17.4061892823,146.0,-1.46315933588e-16,1.56111296894,0.962735570009,0.445399008511,0.0061754553367
0.00488558482613,180.782608696,23,-0.00488558482613,83.5054008323,200.0,-7.34362367146e-19,116,16.9011358552,143.0,-1.11716525614e-16,1.55071235311,0.949007119889,0.438714408004,0.00449702967611
0.00153158950792,187.454545455,22,-0.00153158950792,84.6173348235,200.0,1.05503893142e-18,117,15.1589375759,149.0,-7.97669937431e-17,1.55717624757,0.958909040682,0.442874083346,0.00654111164096
0.00538049465312,179.434782609,23,-0.00538049465312,83.2306947368,200.0,9.95322620235e-19,118,18.828346084,156.0,-6.70216110486e-17,1.54650163311,0.946085060862,0.435995369147,0.00543379336937
0.0050710300034,183.545454545,22,-0.0050710300034,84.0028369855,200.0,-1.08362915385e-18,119,15.311098983,157.0,-1.12726953961e-16,1.56356052731,0.96720390987,0.446965609868,0.00540500210381
0.00549711099502,178.565217391,23,-0.00549711099502,83.1585589688,200.0,-8.60721481147e-19,120,16.2074220436,148.0,-8.3151838903e-17,1.54522304417,0.964350360314,0.435168265088,0.00554199217319
0.00614155318782,189.363636364,22,-0.00614155318782,84.9504061768,200.0,-9.20184860018e-19,121,13.3571412788,160.0,9.41797448158e-17,1.54636498164,0.962105953269,0.435907003567,0.00479825661357
0.00310004659837,176.347826087,23,-0.00310004659837,82.6244115481,200.0,-5.41760991722e-19,122,20.829762769,135.0,-4.72549623801e-17,1.53957246734,0.916365590525,0.43150475927,0.00842701670485
0.00648378499514,183.954545455,22,-0.00648378499514,84.0713274134,200.0,2.78175705399e-18,123,15.1641840974,154.0,-1.82156681085e-17,1.54862262737,0.966507950649,0.437365908362,0.00530991037152
0.00505315294339,186.363636364,22,-0.00505315294339,84.4517251062,200.0,-9.5664776949e-19,124,15.0832401105,158.0,1.5943885778e-16,1.54283287937,0.970170486612,0.433620258619,0.00632307791861
0.00446191988147,186.181818182,22,-0.00446191988147,84.3999363995,200.0,3.1664506634e-18,125,15.933487787,153.0,1.71195523035e-16,1.55552974267,0.964747119628,0.441816158144,0.0046548787627
0.00545180986763,186.090909091,22,-0.00545180986763,84.3516141031,200.0,9.35253008746e-19,126,17.127620147,151.0,4.43655317119e-16,1.55585203849,0.956597776552,0.442023330293,0.0034284568754
0.00480647602707,185.636363636,22,-0.00480647602707,84.254886719,200.0,-5.58455552364e-19,127,17.884847458,146.0,-1.2004762186e-16,1.55020242263,0.954921997134,0.438385517647,0.00444007167035
0.00480881936856,186.045454545,22,-0.00480881936856,84.2767837,200.0,-1.10781903699e-19,128,19.2459612593,144.0,4.16191228398e-16,1.53681766887,0.950224484715,0.429713829586,0.00401945134508
0.00389822128863,181.782608696,23,-0.00389822128864,83.7211249537,200.0,1.98588695225e-18,129,15.053402105,150.0,-2.88588945985e-16,1.53829355781,0.963672023104,0.430673722705,0.00478123953458
0.0057064650798,185.590909091,22,-0.0057064650798,84.3321971558,200.0,-1.22597613653e-18,130,15.0019971122,155.0,-2.72892438774e-16,1.54763508334,0.959786671631,0.436728013102,0.00622701963143
0.00436222872409,184.863636364,22,-0.00436222872409,84.1814120175,200.0,4.0552132513e-19,131,16.3270424159,151.0,-6.22838665597e-16,1.53711015293,0.964440887033,0.429904129478,0.00889186960652
0.00763307771319,185.0,22,-0.00763307771319,84.1841568028,200.0,6.65656082542e-19,132,16.8036792508,140.0,-3.36394848641e-16,1.53499241254,0.949393831272,0.428525438057,0.00528446301298
0.00815441807588,186.090909091,22,-0.00815441807588,84.3804329752,200.0,-1.41856856291e-18,133,16.1157999573,153.0,-4.95532616731e-16,1.55134983529,0.96098396411,0.439125413431,0.00461166135797
0.00401026235317,186.318181818,22,-0.00401026235317,84.4533067658,200.0,-2.11275175114e-18,134,14.6050625209,147.0,-7.0835966731e-16,1.55686286403,0.965848267323,0.442672811921,0.00404823028577
0.00688566423534,188.681818182,22,-0.00688566423534,84.7872264578,200.0,-4.16865324158e-19,135,15.8698867603,157.0,-2.72883244414e-15,1.54322034673,0.964646723096,0.43387136729,0.00342082246638
0.00470818612667,175.434782609,23,-0.00470818612667,82.5728024894,200.0,2.36719067917e-18,136,17.7563854698,146.0,-2.1010317264e-16,1.55049504783,0.954368603934,0.438574265638,0.00449984058509
0.00376547184273,185.181818182,22,-0.00376547184273,84.2214521487,200.0,2.44627103158e-18,137,16.7077455191,150.0,-1.79633937205e-16,1.54747484442,0.95886021825,0.43662446982,0.00513725910714
0.00545858438152,188.863636364,22,-0.00545858438152,84.8555141333,200.0,1.37583908142e-18,138,14.175187844,156.0,-6.61324184344e-17,1.55402565004,0.963824918888,0.440848757627,0.0061673952193
0.00418466188442,183.636363636,22,-0.00418466188442,84.0090510976,200.0,-4.00078292443e-19,139,15.5140565428,147.0,7.36484580692e-17,1.54732781768,0.969049310744,0.43652945456,0.00601725658799
0.00327963228791,185.5,22,-0.00327963228791,84.3330942948,200.0,1.01943675759e-18,140,14.2756945381,154.0,-3.91747403935e-18,1.55669259135,0.972515780972,0.442563436845,0.00441255867288
0.00639266929728,187.045454545,22,-0.00639266929728,84.5094671984,200.0,-3.95484908272e-19,141,16.750786339,152.0,1.87368684089e-16,1.55603281872,0.956002049176,0.442139517258,0.00540592857832
0.00563778972967,179.956521739,23,-0.00563778972967,83.3512386799,200.0,1.11516198457e-18,142,17.4791260872,146.0,3.67695994722e-16,1.53734225786,0.952656691058,0.430055118924,0.00528408579349
0.00726525953113,190.80952381,21,-0.00726525953114,85.1581468326,200.0,-4.09412254369e-18,143,13.6403429911,153.0,-1.52520593831e-16,1.55635575709,0.965294915697,0.442347035286,0.00265067618078
0.00738009394583,184.318181818,22,-0.00738009394583,84.0965158319,200.0,-1.82380999749e-18,144,16.2519547457,145.0,1.60332084641e-16,1.54558565867,0.964979747383,0.435402905624,0.00720049109218
0.00309290876942,190.857142857,21,-0.00309290876942,85.1884595603,200.0,8.64218490017e-19,145,12.5481385995,161.0,-3.69936706296e-16,1.55873198942,0.962914192075,0.443872663443,0.00328005941265
0.00673488723553,187.318181818,22,-0.00673488723553,84.6455976725,200.0,1.60779942126e-18,146,13.1404523363,163.0,1.29853797105e-17,1.55818397762,0.961825788188,0.443521026243,0.00434314141769
0.00461391691969,187.5,22,-0.00461391691969,84.5859500845,200.0,8.20686447127e-19,147,16.5110156067,153.0,3.64085865833e-16,1.53655187102,0.955339752929,0.429540861226,0.0040438512434
0.00738291368645,190.181818182,22,-0.00738291368645,85.1135809087,200.0,1.74026126592e-18,148,11.3042082415,166.0,-9.75956090959e-17,1.53995070647,0.968412173685,0.431750407127,0.00562455914456
0.0054114748293,185.136363636,22,-0.0054114748293,84.1836785723,200.0,1.40935017525e-18,149,17.6797147615,150.0,1.13393758469e-17,1.55660840358,0.951137946691,0.442509354206,0.00487297514436
0.00488473452343,181.909090909,22,-0.00488473452343,83.8052098548,200.0,-2.08568105174e-18,150,12.4130030463,163.0,1.03199141719e-16,1.54813514169,0.972648190395,0.437051072193,0.00854943356671
0.00406663012706,189.636363636,22,-0.00406663012706,84.9858289278,200.0,-1.60319380782e-18,151,13.6566515747,163.0,3.31044449337e-17,1.5543331553,0.965308728952,0.441046614618,0.00467853744409
0.00338915758964,191.047619048,21,-0.00338915758964,85.1767315282,200.0,-1.34158767707e-18,152,14.3609131905,157.0,-2.00570699962e-16,1.53792408336,0.962721691159,0.430433509242,0.00449156638555
0.00408251348118,183.772727273,22,-0.00408251348118,84.0713220748,200.0,9.6865350234e-19,153,14.0192459212,162.0,3.27629752827e-16,1.55088895591,0.964770831618,0.438828286477,0.00411656181117
0.00556821369996,187.909090909,22,-0.00556821369996,84.686651305,200.0,3.87547415663e-20,154,15.1204530082,152.0,2.20648097976e-16,1.56013488612,0.954548095075,0.444772282984,0.00369309164679
0.00499379385441,185.909090909,22,-0.00499379385441,84.3978238307,200.0,9.3535914186e-19,155,14.4659760407,161.0,-5.33667106702e-17,1.56263488266,0.961390448076,0.446373423805,0.00526386874576
0.0064487433058,187.954545455,22,-0.0064487433058,84.7403039543,200.0,-1.40690914303e-19,156,13.1476830753,156.0,2.22205701374e-16,1.55948871892,0.972036955149,0.444358023262,0.00470731219698
0.00483275553972,189.090909091,22,-0.00483275553972,84.9068406452,200.0,1.119654043e-18,157,13.5072677101,167.0,1.49399723362e-16,1.55161982191,0.969498624635,0.439299431646,0.00381042651112
0.00463569430931,183.045454545,22,-0.00463569430931,83.8629087554,200.0,-1.34778092366e-18,158,17.2665658867,150.0,4.62064511863e-17,1.55975901156,0.952588162813,0.444531329559,0.00564802145454
0.00568171485259,186.5,22,-0.00568171485259,84.4508039022,200.0,-1.911724123e-18,159,15.9623135712,159.0,-9.63293679665e-18,1.54650806739,0.957842303313,0.435999529676,0.00501823001583
0.00468041586432,184.454545455,22,-0.00468041586432,84.2092669096,200.0,1.94569977859e-18,160,12.4452520071,158.0,2.51263880191e-16,1.55099768326,0.964495010894,0.438898390483,0.00349195757761
0.00665159125821,185.0,22,-0.0066515912582,84.2415572427,200.0,-4.84497415526e-19,161,14.9544763745,161.0,4.13574443597e-15,1.54353928922,0.95794361432,0.434078019262,0.00317771974548
0.00613642864014,190.80952381,21,-0.00613642864014,85.1962140787,200.0,-2.95017732792e-19,162,11.8266005566,157.0,-4.86074972802e-16,1.55123993588,0.967613609962,0.439054569768,0.00899999828972
0.00590064212848,188.681818182,22,-0.00590064212848,84.7584999225,200.0,-2.32038058348e-19,163,16.9152603603,157.0,-3.24160516947e-16,1.55729052887,0.953199229684,0.44294747074,0.00523380721842
0.0050498921789,183.272727273,22,-0.0050498921789,83.9365209794,200.0,9.70172213643e-19,164,16.1081058595,155.0,-3.29982954541e-16,1.55605349992,0.943566200765,0.442152808148,0.00955682622535
0.00368000209513,187.909090909,22,-0.00368000209513,84.7291625199,200.0,7.42975925592e-19,165,13.3787792992,156.0,-5.24227224013e-17,1.54579059295,0.963910258721,0.435535490118,0.00443289273849
0.00465854697207,186.681818182,22,-0.00465854697207,84.542745502,200.0,1.85018754702e-18,166,13.3361653329,165.0,-2.31019380775e-16,1.54571952941,0.969087659978,0.435489516767,0.00251077751266
0.00502467618303,184.227272727,22,-0.00502467618303,84.1564581189,200.0,3.72437506079e-19,167,13.3958331994,160.0,-5.57604241038e-16,1.54972883462,0.970696919492,0.438079970221,0.00566988136867
0.00547003886004,180.739130435,23,-0.00547003886004,83.529612083,200.0,5.50717751891e-19,168,15.9133998535,151.0,-1.92185828367e-16,1.561450157,0.956197230306,0.445614977285,0.0057852064662
0.00410187035216,186.409090909,22,-0.00410187035216,84.4434837635,200.0,-2.3525377863e-18,169,15.3878910213,139.0,4.5914124598e-17,1.56409832461,0.947477111899,0.447309507542,0.00532493012181
0.00769833131299,184.045454545,22,-0.00769833131299,84.0388120879,200.0,1.15708544055e-18,170,16.8508895711,154.0,-1.18299486724e-15,1.54316581834,0.955786080769,0.433836032506,0.00419861251804
0.00387912330051,176.565217391,23,-0.00387912330051,82.8053814805,200.0,6.10378606223e-19,171,16.7353468338,149.0,-3.56972003463e-16,1.55115665452,0.954172367252,0.439000881361,0.00405860733601
0.0065511272075,190.090909091,22,-0.0065511272075,85.0504843456,200.0,-6.45169534485e-19,172,13.671167706,152.0,3.29190949435e-16,1.55701858482,0.952684742106,0.442772829084,0.00374159926998
0.00778033768351,189.818181818,22,-0.00778033768351,85.0697515891,200.0,1.1932370721e-18,173,10.7730149559,167.0,-3.18285202366e-16,1.55514940068,0.976505242963,0.441571618621,0.00496736991028
0.00460197355534,189.863636364,22,-0.00460197355534,85.1040035987,200.0,1.77853592658e-18,174,9.0166283486,174.0,1.0934779802e-16,1.54500691756,0.980044352267,0.435028387726,0.00385777918914
0.00032350386216,185.909090909,22,-0.00032350386216,84.3719259427,200.0,-3.44123256378e-19,175,15.4328725038,154.0,4.19278846904e-16,1.54459543449,0.957635631296,0.434762021363,0.00463121012904
0.00873921729749,186.909090909,22,-0.00873921729749,84.5553556067,200.0,1.52429604785e-18,176,14.2538960891,155.0,1.03138423007e-16,1.54995841981,0.965194541247,0.438228104642,0.00441046379255
0.00611131597566,183.454545455,22,-0.00611131597566,83.9220497601,200.0,-4.03439845514e-19,177,17.6112755016,152.0,-4.04642732711e-17,1.54705284503,0.957374517586,0.43635173069,0.00558828065434
0.0100944424986,192.285714286,21,-0.0100944424986,85.4367396548,200.0,3.13843068963e-18,178,10.6195814515,171.0,-4.21983729122e-16,1.54048607309,0.971419168593,0.432097998501,0.00432900887167
0.00542035609125,190.571428571,21,-0.00542035609125,85.1288378826,200.0,1.30038962655e-18,179,13.2864823127,151.0,5.66652061494e-16,1.55531773934,0.970787687259,0.441679858741,0.00521074856788
0.00461192566002,190.0,22,-0.00461192566002,85.0732426866,200.0,-2.2101774314e-18,180,12.0868072331,167.0,-1.60929217852e-16,1.55054730934,0.978203890231,0.438607971407,0.00554628336274
0.00337984077379,186.636363636,22,-0.00337984077379,84.5510459312,200.0,1.56342299955e-19,181,12.5862314908,164.0,-3.11624947852e-16,1.55733922541,0.972262027106,0.44297874029,0.00544514984624
0.00898949739957,190.090909091,22,-0.00898949739957,85.0905597453,200.0,1.71064311322e-18,182,11.8892965267,166.0,3.62534806893e-16,1.54579770995,0.974863983736,0.435540094225,0.00500386104989
0.0038028687635,190.681818182,22,-0.0038028687635,85.07170517,200.0,2.034077518e-18,183,16.1171460468,142.0,-1.87957185242e-16,1.5467932021,0.938432430465,0.436183885924,0.00305925456906
0.00358072629108,185.772727273,22,-0.00358072629108,84.4005873164,200.0,6.87239685652e-19,184,13.3482440731,159.0,-1.18492606641e-16,1.55406489712,0.962362658637,0.440874012413,0.00356757855042
0.00828980362279,187.681818182,22,-0.0082898036228,84.6183044196,200.0,2.69833617409e-19,185,16.3717782775,151.0,-1.06315483851e-15,1.54570870127,0.952178626945,0.435482511499,0.00397702452615
0.00884199078454,188.136363636,22,-0.00884199078454,84.7066650081,200.0,-1.19407820121e-18,186,15.5688951396,144.0,-2.94736182522e-16,1.56169745673,0.96712416197,0.445773342986,0.00465235710724
0.00736960657574,191.19047619,21,-0.00736960657574,85.2096230165,200.0,3.73753651225e-19,187,13.8344602442,154.0,1.92496841768e-15,1.55324458002,0.963700988776,0.440346020514,0.00291635619826
0.00633396280532,184.454545455,22,-0.00633396280532,84.1811153738,200.0,6.58211380449e-19,188,13.7897434637,148.0,-1.6426266732e-16,1.55445594326,0.968963289197,0.441125608694,0.00447839914308
0.00646246041657,190.681818182,22,-0.00646246041657,85.1433679295,200.0,1.25210321587e-18,189,13.4954078507,155.0,-3.47490543822e-16,1.54818877567,0.964184716402,0.437085715839,0.0061312636738
0.00772156289497,191.523809524,21,-0.00772156289497,85.3022035977,200.0,1.9638833424e-18,190,11.8185449415,161.0,2.73442796667e-16,1.57257828292,0.979490058615,0.452716490813,0.00375091481304
0.00432222314477,190.714285714,21,-0.00432222314477,85.126746611,200.0,1.35600557044e-18,191,14.3962391158,157.0,-3.77558991146e-17,1.5561079153,0.974350761126,0.442187777655,0.005555378245
0.0030351246957,183.590909091,22,-0.0030351246957,83.9660881984,200.0,-5.3615167524e-20,192,16.8998630734,154.0,4.1361923652e-16,1.54915383992,0.965863954606,0.437708872136,0.0038272623771
0.00553765962741,192.857142857,21,-0.00553765962741,85.4966739795,200.0,9.67358101344e-19,193,11.7808792391,159.0,7.71838011885e-16,1.55531808717,0.973587925152,0.441680082377,0.00339891629876
0.00477208888323,186.409090909,22,-0.00477208888323,84.4723909346,200.0,3.59788663163e-18,194,14.5247722276,157.0,-9.1438412289e-16,1.54914196842,0.972083719567,0.437701208893,0.00563906337992
0.00464868516285,188.636363636,22,-0.00464868516285,84.8524981154,200.0,1.5176316748e-18,195,12.7690871552,161.0,3.14607777581e-17,1.55421546364,0.979978247888,0.440970893323,0.00493280630579
0.00502626105952,191.714285714,21,-0.00502626105952,85.3169827208,200.0,-1.17533464288e-18,196,12.4485335038,161.0,2.45181145354e-16,1.55402216498,0.972160167197,0.440846515024,0.00495907597293
0.00557755620379,187.636363636,22,-0.00557755620379,84.6962486997,200.0,5.36654041573e-20,197,12.9914148384,157.0,-1.200159696e-15,1.56351903525,0.969721713329,0.446939072608,0.00401621423518
0.00376479501025,191.095238095,21,-0.00376479501025,85.1936220182,200.0,9.60626360463e-19,198,13.9758457003,159.0,-3.38129723573e-16,1.56129695133,0.949657015854,0.445516854914,0.0038060859168
0.00591836239735,192.19047619,21,-0.00591836239735,85.3788647682,200.0,1.93639686609e-18,199,12.8900812647,164.0,7.30612575175e-17,1.55062555415,0.970561173061,0.438658432836,0.0050793495284
0.00392852135163,188.863636364,22,-0.00392852135163,84.8876215106,200.0,-8.21356451125e-19,200,12.8214857122,161.0,-4.91009826727e-16,1.54533174446,0.973075024089,0.435238608633,0.00406167238128
0.00417697520676,187.681818182,22,-0.00417697520676,84.6336467476,200.0,-6.38108620591e-19,201,15.8239931854,153.0,-2.86092830758e-17,1.55798378163,0.964186991687,0.443392537654,0.00627174967974
0.00521160840611,182.863636364,22,-0.00521160840611,83.8039971933,200.0,-1.07219957643e-18,202,18.3879789155,153.0,-5.9278127191e-16,1.54968612894,0.963315781943,0.438052412968,0.00469775211729
0.00342399736339,185.272727273,22,-0.00342399736339,84.3012168631,200.0,1.31708771092e-18,203,14.2324271813,154.0,-3.97784520403e-16,1.55737133745,0.967651525626,0.442999359891,0.00650915209925
0.00453965015251,191.19047619,21,-0.00453965015251,85.2891342717,200.0,2.68611499363e-18,204,9.81553214053,172.0,-6.59552667082e-16,1.54896974175,0.982338746379,0.437590027191,0.00442936344155
0.00335560266403,188.590909091,22,-0.00335560266403,84.7976221322,200.0,-3.07320680871e-19,205,14.8986243749,154.0,4.67048268783e-16,1.56076385115,0.964028033952,0.445175349595,0.00545406855806
0.00504782672374,190.590909091,22,-0.00504782672374,85.1412139705,200.0,-7.96059173822e-19,206,12.9321976298,156.0,-1.51205332803e-15,1.55048870859,0.966005055084,0.438570177103,0.00569393927895
0.00344623472132,189.954545455,22,-0.00344623472132,85.0743131421,200.0,1.09557882204e-18,207,11.6481651802,166.0,-3.82454430785e-16,1.55409592047,0.972387441425,0.440893974922,0.00379111342716
0.00167849453719,195.142857143,21,-0.00167849453719,85.8812095503,200.0,-1.91468410786e-20,208,8.23052225552,172.0,9.75197364432e-16,1.54944732372,0.982106288288,0.437898302003,0.00136159095579
0.00596251673439,193.095238095,21,-0.00596251673439,85.5307586849,200.0,1.95875634681e-18,209,11.7954985841,158.0,1.83878121662e-16,1.54747587129,0.974550840478,0.436625133394,0.00477587025654
0.00464877332212,190.761904762,21,-0.00464877332212,85.1095243953,200.0,5.21988680451e-19,210,15.3029868292,153.0,-4.32227615878e-16,1.5568731229,0.958079031098,0.442679401349,0.00483737278414
0.00316560556023,191.952380952,21,-0.00316560556023,85.3567624434,200.0,-1.6903875143e-19,211,12.2454119318,163.0,-1.68681739378e-16,1.56177927578,0.971022411066,0.445825732715,0.0040532379252
0.00316705055646,189.318181818,22,-0.00316705055646,84.9557075225,200.0,-7.35694512886e-19,212,12.7578366777,160.0,-1.06051372166e-18,1.55253213859,0.968454788981,0.439887235798,0.00461048309126
0.00466049625005,193.666666667,21,-0.00466049625004,85.6494321786,200.0,-2.52713356358e-18,213,9.79957887012,174.0,6.49700220951e-16,1.54375522067,0.962354720379,0.434217903201,0.00444311956738
0.00555149820595,194.761904762,21,-0.00555149820595,85.8382538856,200.0,-1.25446239595e-18,214,7.32838422979,175.0,9.72870249451e-17,1.54856238107,0.987252685511,0.437327004454,0.00483069891178
0.00493557180394,196.857142857,21,-0.00493557180394,86.1296143593,200.0,-3.31561430924e-18,215,7.56738436466,172.0,-1.32399601147e-16,1.55857819233,0.983578698703,0.443773990494,0.00470443565819
0.00461027876551,193.238095238,21,-0.00461027876551,85.5768346141,200.0,-7.15501790812e-19,216,10.4558243596,168.0,4.98916389282e-16,1.55257668334,0.97628775121,0.439915927059,0.00536621217316
0.00260310710993,195.285714286,21,-0.00260310710993,85.9004959453,200.0,2.27772581934e-18,217,8.32748093817,175.0,-5.16858765817e-16,1.54520178543,0.985509229155,0.43515450728,0.00477688057929
0.00198527649929,190.545454545,22,-0.00198527649929,85.157589169,200.0,-9.6426758087e-19,218,11.857974964,163.0,-4.60231407691e-17,1.54665118155,0.969454191633,0.436092065591,0.00521337719754
0.00439053473824,191.238095238,21,-0.00439053473824,85.2875982781,200.0,-9.12736656413e-19,219,10.2859347419,166.0,-4.11316067527e-16,1.56294176692,0.982070622659,0.446569793496,0.00359872516633
0.00550815225157,189.5,22,-0.00550815225157,84.9999407843,200.0,-7.43429924415e-19,220,11.9876830728,167.0,-1.4462459108e-15,1.55223219447,0.980125067301,0.43969402041,0.00685304275118
0.00454207259221,192.19047619,21,-0.00454207259221,85.3525658092,200.0,4.77778290961e-19,221,13.950999444,153.0,-3.78510129307e-17,1.55666006047,0.969586300084,0.442542539191,0.00951469744192
0.00336299819447,193.238095238,21,-0.00336299819447,85.5420787586,200.0,-1.3035900253e-18,222,12.2081345321,154.0,-2.12797306198e-16,1.5529073089,0.962803751716,0.440128857194,0.00408693559041
0.00615367722351,192.523809524,21,-0.00615367722351,85.4512960716,200.0,-2.21307365631e-18,223,11.6317261038,158.0,3.32696192304e-16,1.54814306895,0.969312660535,0.437056192697,0.00570942709473
0.00429336963159,193.0,21,-0.00429336963159,85.5324533632,200.0,2.47417462023e-19,224,10.98917216,165.0,-1.20102957105e-16,1.55225394859,0.977087485391,0.439708035046,0.0070723461383
0.00437752749583,196.095238095,21,-0.00437752749583,86.033541588,200.0,-3.58824218585e-19,225,6.63974154621,178.0,-6.06875189031e-16,1.54958399238,0.989508932019,0.437986502893,0.0051170377272
0.005093685935,188.227272727,22,-0.005093685935,84.7842386222,200.0,7.42701232684e-20,226,13.0625481928,157.0,-1.36036503911e-16,1.55594250136,0.965927013151,0.442081472222,0.00598156441813
0.0031396162257,187.136363636,22,-0.0031396162257,84.6011171845,200.0,1.61525574529e-19,227,13.8146676153,162.0,-2.17891718216e-16,1.55063346735,0.97236233966,0.438663536053,0.00368792963472
0.00473702747918,192.285714286,21,-0.00473702747918,85.4503854314,200.0,2.29930500688e-19,228,9.75481740398,173.0,-2.80875702422e-16,1.54413918737,0.980246436191,0.434466594802,0.00536975168676
0.00319837760387,194.761904762,21,-0.00319837760387,85.8289070414,200.0,6.19214779102e-19,229,8.1234801474,175.0,6.88664013074e-16,1.54571501301,0.987993243976,0.435486594889,0.00847517780425
0.0086942345659,196.142857143,21,-0.00869423456589,86.0261953827,200.0,2.47246238057e-18,230,7.89988375011,175.0,1.84053360613e-15,1.55397575132,0.987889574929,0.440816647784,0.00318044596162
0.00375762771029,193.047619048,21,-0.00375762771029,85.5393304312,200.0,-3.70176984769e-19,231,11.0301586159,163.0,-1.41703030935e-16,1.56322962958,0.983917219339,0.446753956564,0.00795643074081
0.00331550345951,193.952380952,21,-0.00331550345951,85.6495662029,200.0,-3.08379729827e-20,232,11.9621474043,156.0,-3.84339421734e-17,1.55271797512,0.956347586607,0.440006927623,0.0050549086723
0.00378518913221,189.818181818,22,-0.00378518913221,85.0532092,200.0,-5.66948678727e-19,233,11.683851963,168.0,7.65139335458e-17,1.54223681099,0.971658315508,0.433233837276,0.00599182857781
0.00394687754574,194.0,21,-0.00394687754574,85.7125738806,200.0,-1.46405010022e-18,234,8.71233389539,173.0,1.79052758002e-15,1.55202427815,0.98351617929,0.439560064779,0.00302666271083
0.00635836585064,192.476190476,21,-0.00635836585064,85.4670853848,200.0,3.90552268829e-19,235,10.4180203202,168.0,-9.33114710355e-16,1.54728246317,0.98215153906,0.436500142624,0.00320256853088
0.00596880123176,189.136363636,22,-0.00596880123176,84.917418766,200.0,-2.15920733252e-18,236,13.301727347,161.0,-1.58702392465e-16,1.55388409731,0.972658906604,0.44075766571,0.00539554959926
0.00603388919248,190.818181818,22,-0.00603388919247,85.2018836894,200.0,-1.2759911598e-18,237,11.6448832448,162.0,3.76042429422e-15,1.53454162696,0.97183867912,0.428231722089,0.00404512231466
0.00732990118429,195.761904762,21,-0.00732990118428,85.9803209824,200.0,2.80060014525e-18,238,7.26311465331,177.0,1.9276453187e-15,1.55321919928,0.990463834924,0.440329679911,0.00293873917286
0.00130014606874,194.428571429,21,-0.00130014606874,85.7534824666,200.0,-8.01072131625e-19,239,10.0454748333,165.0,5.38823890668e-16,1.55580117206,0.980289845027,0.441990636139,0.00536955440826
0.00401691673179,195.238095238,21,-0.00401691673179,85.8397593175,200.0,-8.39624600769e-20,240,11.583669794,160.0,2.94831909564e-16,1.55534657158,0.968985737767,0.441698396411,0.00443551855968
0.00430431324249,193.095238095,21,-0.00430431324249,85.5164204002,200.0,1.09253283666e-18,241,12.5732321938,162.0,3.28987419578e-16,1.54614885453,0.976380016708,0.435767229184,0.00404596729287
0.00824948895242,196.857142857,21,-0.00824948895242,86.1479064988,200.0,-2.47478537609e-18,242,5.78409736371,181.0,3.89303167996e-16,1.55129925023,0.97751973587,0.43909280577,0.0031764060568
0.0042664385484,193.047619048,21,-0.0042664385484,85.5670617759,200.0,-8.42245781411e-19,243,9.29657484533,169.0,-1.28275398306e-16,1.5415507581,0.979172835003,0.432788895534,0.00503832367637
0.00469559296369,191.714285714,21,-0.00469559296369,85.3572277015,200.0,-7.91437748211e-20,244,10.2962908585,165.0,2.74660241562e-16,1.53905359463,0.977423405519,0.431167678575,0.00783859792836
0.00552013013054,194.238095238,21,-0.00552013013054,85.7602027736,200.0,3.81399081423e-18,245,7.6463795473,175.0,1.3092888164e-16,1.55020942164,0.979821552481,0.438390032543,0.00519821456776
0.0031720726458,194.761904762,21,-0.0031720726458,85.8090294527,200.0,9.25274211347e-19,246,9.53142552625,167.0,2.30714659548e-15,1.53299736697,0.982137703195,0.427224882324,0.0061140729308
0.00574645337278,194.142857143,21,-0.00574645337279,85.7341448906,200.0,-5.10808321712e-19,247,8.64256197843,173.0,-2.18221320337e-15,1.53093532682,0.984903499662,0.425878873343,0.00372421394074
0.00374264386971,195.333333333,21,-0.00374264386971,85.8970486613,200.0,-5.8445057991e-19,248,9.04661648581,167.0,-3.41132398888e-16,1.54482229003,0.981149791139,0.434908881097,0.00529494362206
0.00629395629277,196.619047619,21,-0.00629395629277,86.1024667026,200.0,8.00731577189e-20,249,7.0405369822,175.0,2.61710407926e-15,1.54795869721,0.986149174766,0.436937093423,0.00295175775242
