Perplexity,MeanKL,ExplainedVariance,Iteration,AverageDiscountedReturn,Entropy,LossBefore,LossAfter,NumTrajs,MinReturn,AverageReturn,StdReturn,MeanKLBefore,dLoss,MaxReturn
1.97203566445,0.00316974728152,1.67766800452e-10,0,17.3180219793,0.679066341437,-3.57904482777e-17,-0.00335355718471,208,9.0,19.2980769231,8.84251074649,-3.58464989059e-18,0.00335355718471,51.0
1.95645041021,-2.83875646901e-20,0.231178177579,1,18.6808999727,0.671131816175,1.72984375508e-16,1.72984375508e-16,189,9.0,21.2169312169,11.6882127166,-2.83875646901e-20,0.0,75.0
1.95535047879,0.00875561021756,0.337347275607,2,17.0576160636,0.670569450408,1.74063662035e-16,-0.027095577408,212,8.0,18.9858490566,8.94294218058,-1.36981857016e-19,0.027095577408,72.0
1.96154588414,-5.8001450545e-19,0.251889572234,3,21.8919424828,0.673732878769,2.5290260017e-17,2.5290260017e-17,157,8.0,25.5286624204,14.146891135,-5.8001450545e-19,0.0,72.0
1.96344209417,-1.80803398886e-18,0.342004329422,4,19.947375529,0.674699103475,1.38434538449e-17,1.38434538449e-17,178,8.0,22.7078651685,10.9073753495,-1.80803398886e-18,0.0,65.0
1.9607650625,2.39565808306e-19,0.217677587466,5,20.7350700385,0.673334735089,6.66827704165e-17,6.66827704165e-17,167,9.0,23.9520958084,13.3720632831,2.39565808306e-19,0.0,96.0
1.96220014757,-1.19725331445e-18,0.311098309447,6,22.0836109037,0.674066367955,-3.2899599732e-17,-3.2899599732e-17,156,9.0,25.6987179487,13.4904619068,-1.19725331445e-18,0.0,84.0
1.9580317722,6.84402570809e-19,0.276072981078,7,21.7660781058,0.67193977084,3.33344463144e-17,3.33344463144e-17,158,9.0,25.3164556962,13.8596439063,6.84402570809e-19,0.0,104.0
1.95701433273,2.057044898e-18,0.295952579571,8,21.536305461,0.671420012215,1.61790325024e-16,1.61790325024e-16,161,8.0,25.0062111801,13.7657856961,2.057044898e-18,0.0,103.0
1.95653313104,9.71987052733e-19,0.265041483195,9,21.5836906833,0.671174096354,7.5498483074e-17,7.5498483074e-17,160,9.0,25.1,13.9603008564,9.71987052733e-19,0.0,85.0
1.96428086865,2.25452739982e-19,0.35639085841,10,21.5374208763,0.675126208186,1.40305264087e-16,1.40305264087e-16,162,9.0,24.7901234568,11.7338973448,2.25452739982e-19,0.0,81.0
1.96329271163,0.00988206587429,0.377308535253,11,20.1541289198,0.674623018612,7.52131164877e-17,-0.0321359290835,175,9.0,22.9428571429,10.706320849,-6.50916765952e-19,0.0321359290835,64.0
1.9373380155,0.00969248848323,0.0894662229238,12,27.4042378942,0.661314873845,-3.92941021073e-17,-0.0272304886931,120,10.0,33.7166666667,19.845311509,1.55176945137e-18,0.0272304886931,96.0
1.90073349335,0.00850030871834,0.143522400997,13,40.7107466396,0.642239860808,2.92754912019e-17,-0.0216072203186,71,11.0,57.0985915493,33.8264647329,2.20196808312e-19,0.0216072203186,189.0
1.84557708614,0.00745866704342,0.298850305507,14,50.1549363558,0.6127920124,-1.29702245417e-16,-0.020292574208,55,13.0,74.4545454545,33.1551823355,-1.50540789787e-18,0.020292574208,157.0
1.81052409584,0.0073854305698,0.439640674001,15,62.2222786143,0.593616359078,1.47002007228e-16,-0.0145179548349,38,15.0,106.131578947,42.6831478225,-3.03123425861e-19,0.0145179548349,200.0
1.78478514653,0.00695099981104,0.679787539286,16,72.6465235224,0.579298041896,4.90029472938e-17,-0.0121167091445,30,71.0,135.333333333,35.9410010372,2.96094961363e-19,0.0121167091445,200.0
1.76068043702,0.00556102621684,0.816399387318,17,79.5726927939,0.565700346279,-5.91071826215e-17,-0.0118893703156,25,98.0,161.16,24.7785068154,5.47517676282e-19,0.0118893703156,200.0
1.75770575892,0.00601466146025,0.790027678879,18,80.2705154423,0.564009412629,-3.65060057871e-17,-0.0105924841834,25,101.0,167.12,32.5850517876,1.60397938352e-19,0.0105924841834,200.0
1.74604551345,0.00626096651426,0.894227835954,19,83.9907400684,0.557353524347,-4.12571789338e-17,-0.0101057804628,22,137.0,184.454545455,20.1307708219,2.45752855801e-19,0.0101057804628,200.0
1.74711681846,0.00524223647434,0.957160195744,20,85.0865418244,0.557966896954,9.85510003886e-17,-0.0079943101432,21,143.0,190.761904762,16.085796047,-7.79323818806e-19,0.0079943101432,200.0
1.73568716769,0.00694308433698,0.962659541408,21,85.2840489417,0.551403397057,8.06430654703e-18,-0.00809347333772,21,165.0,191.428571429,12.104982951,1.26379503046e-18,0.00809347333772,200.0
1.71750972605,0.00477602376939,0.967213207002,22,85.5260242349,0.540875408008,2.04521972724e-17,-0.00681890171484,21,160.0,193.095238095,12.0471484945,7.24553473017e-19,0.00681890171484,200.0
1.72174142013,0.00542383074411,0.980456092651,23,86.4776189983,0.543336232202,1.72069964113e-16,-0.00470269796652,21,195.0,199.095238095,1.71560795568,-8.86703854565e-19,0.00470269796652,200.0
1.71667443759,0.00406711869593,0.991905283294,24,86.3804690693,0.540388952751,-2.86503583843e-16,-0.00517285634868,21,175.0,198.523809524,5.36850646623,-2.62627932542e-19,0.00517285634868,200.0
1.71782460894,0.00802696811301,0.984681123908,25,86.2149667173,0.541058728097,1.78875214349e-16,-0.0106666051657,21,168.0,197.476190476,7.54427596084,-2.30676837325e-19,0.0106666051657,200.0
1.71640456508,0.00602646194271,0.998345420013,26,86.6020325142,0.540231733817,-9.58122470252e-17,-0.0104799648444,20,200.0,200.0,0.0,5.1991840543e-19,0.0104799648444,200.0
1.72654642141,0.00643636321792,0.999971249099,27,86.6020325142,0.546123125066,2.98649993624e-17,-0.00796972907718,20,200.0,200.0,0.0,-1.33730541655e-19,0.00796972907718,200.0
1.70272072836,0.00674129819404,0.99997146541,28,86.6020325142,0.53222740019,2.30926389122e-17,-0.00832135060617,20,200.0,200.0,0.0,-1.88707720009e-20,0.00832135060617,200.0
1.68767859482,0.00609928581188,0.998852638089,29,86.5486171268,0.523353972132,-8.87224983897e-17,-0.0126958424646,21,192.0,199.619047619,1.70367084,3.96432520548e-19,0.0126958424646,200.0
1.68962748484,0.00628303362369,0.999130767155,30,86.5623762622,0.524508081464,-2.02879095392e-16,-0.00580426493756,21,194.0,199.714285714,1.27775313,9.92599958726e-19,0.00580426493756,200.0
1.69525251077,0.00509195895915,0.999828228669,31,86.5955880854,0.527831703644,-5.7084341752e-17,-0.0100896670051,21,199.0,199.952380952,0.212958855,-5.97911062772e-19,0.0100896670051,200.0
1.69155615,0.00637857529317,0.999962443591,32,86.6020325142,0.525648904075,-1.85407245112e-17,-0.00893796239544,20,200.0,200.0,0.0,-4.33575546516e-19,0.00893796239544,200.0
1.68173455968,0.00505633626602,0.988535100186,33,86.3946856004,0.519825736778,3.28078122089e-16,-0.0070746964687,21,172.0,198.666666667,5.96284794,-8.82688858868e-19,0.0070746964687,200.0
1.7032005539,0.00446565415221,0.997683443491,34,86.4880773762,0.53250915981,2.24804901233e-16,-0.00678551993311,21,190.0,199.19047619,2.53769763704,-1.78665944987e-18,0.00678551993311,200.0
1.70301726492,0.00458429102684,0.98558294927,35,86.3600092328,0.532401539577,-6.33130783885e-16,-0.0106181914788,21,168.0,198.476190476,6.81468336,3.2359640733e-20,0.0106181914788,200.0
1.69180294526,0.00479211098836,0.998166319835,36,86.5623762622,0.525794791791,-4.25664907868e-17,-0.00800333223365,21,194.0,199.714285714,1.27775313,-7.34101966203e-19,0.00800333223365,200.0
1.69778124593,0.00561217585111,0.999839708457,37,86.6020325142,0.529322249159,-4.20080636943e-17,-0.00976269963763,20,200.0,200.0,0.0,7.9512391896e-19,0.00976269963763,200.0
1.68769648349,0.00686373885277,0.999972770335,38,86.6020325142,0.523364571649,-7.88258347484e-18,-0.0047848810652,20,200.0,200.0,0.0,9.29628026836e-19,0.0047848810652,200.0
1.72664649935,0.00433596678239,0.999973358761,39,86.6020325142,0.546181087624,1.73194791842e-17,-0.00600540163259,20,200.0,200.0,0.0,2.63930749684e-19,0.00600540163259,200.0
1.71685948154,0.00580852297765,0.995325041752,40,86.4767164933,0.540496739045,1.12965259125e-16,-0.00748463937968,21,183.0,199.142857143,3.61591342982,9.13889575302e-19,0.00748463937968,200.0
1.70406998998,0.00606761547122,0.999229175575,41,86.6020325142,0.533019501497,5.86752868514e-17,-0.00779104306545,20,200.0,200.0,0.0,-8.16452403388e-19,0.00779104306545,200.0
1.70410426303,0.00531452905553,0.999974214068,42,86.6020325142,0.533039613758,2.57571741713e-17,-0.00651442184139,20,200.0,200.0,0.0,-2.06014413139e-18,0.00651442184139,200.0
1.72644519007,0.00579622074124,0.987073961193,43,86.3775216653,0.546064491074,6.72556867645e-17,-0.00444031681476,21,170.0,198.571428571,6.38876565,-6.72947450854e-19,0.00444031681476,200.0
1.72692866467,0.00546478278551,0.998987353483,44,86.6020325142,0.546344492388,-3.00759417371e-16,-0.00536768789138,20,200.0,200.0,0.0,-2.0764131306e-18,0.00536768789138,200.0
1.6969549821,0.00503947155022,0.999973472316,45,86.6020325142,0.52883545797,1.55431223448e-18,-0.00779270780853,20,200.0,200.0,0.0,-7.78312947923e-19,0.00779270780853,200.0
1.69034837269,0.00579787509425,0.999973728625,46,86.6020325142,0.524934645377,4.10782519111e-18,-0.00825457523229,20,200.0,200.0,0.0,-2.17764639838e-19,0.00825457523229,200.0
1.69107610813,0.00713375780532,0.959036544779,47,86.0383135226,0.525365076669,3.05978887917e-16,-0.00754779867718,21,137.0,197.0,13.416407865,3.47982343245e-19,0.00754779867718,200.0
1.67462685057,0.00797653491195,0.994552479905,48,86.6020325142,0.515590364681,-7.55062679048e-16,-0.0111745256367,20,200.0,200.0,0.0,3.41953765669e-19,0.0111745256367,200.0
1.69599049873,0.00678048847239,0.997524916785,49,86.5202550852,0.52826693519,-6.17806771463e-17,-0.00891201110509,21,188.0,199.428571429,2.55550626,-9.815514025e-19,0.00891201110509,200.0
1.66437672005,0.00700070685502,0.999834340355,50,86.6020325142,0.509450711036,-1.22506171873e-17,-0.00681980255315,20,200.0,200.0,0.0,-5.47448628599e-19,0.00681980255315,200.0
1.6827370589,0.00546164661003,0.999973204065,51,86.6020325142,0.520421669431,2.26485497024e-17,-0.00613815596346,20,200.0,200.0,0.0,2.24608819597e-18,0.00613815596346,200.0
1.67529237291,0.00541705470835,0.999966740968,52,86.6020325142,0.515987701033,8.52651282912e-17,-0.00471676349789,20,200.0,200.0,0.0,-6.41407053606e-19,0.00471676349789,200.0
1.68681473098,0.00636083677096,0.999972115426,53,86.6020325142,0.522841975942,1.66533453694e-17,-0.00575049746171,20,200.0,200.0,0.0,-6.68191242799e-19,0.00575049746171,200.0
1.67726107553,0.00758110416816,0.999973142436,54,86.6020325142,0.517162150826,-9.21485110439e-18,-0.00803525956879,20,200.0,200.0,0.0,8.15471730716e-19,0.00803525956879,200.0
1.71446460116,0.00829198509368,0.980259712186,55,86.2588082215,0.539100845964,-5.24750720213e-17,-0.00966299553296,21,162.0,197.857142857,8.15496176328,-5.39035488187e-19,0.00966299553296,200.0
1.71098141967,0.00592588015098,0.99477194438,56,86.6020325142,0.537067135512,3.94129173742e-17,-0.0063914938228,20,200.0,200.0,0.0,7.97977607763e-19,0.0063914938228,200.0
1.72131281847,0.00654291608093,0.948831768732,57,85.8418296932,0.543087266237,3.22695727112e-16,-0.0108153273901,21,144.0,195.619047619,13.8511687335,1.3008308142e-18,0.0108153273901,200.0
1.71161361051,0.00461694798331,0.993874112941,58,86.6020325142,0.53743655745,5.52891066263e-17,-0.00495192979373,20,200.0,200.0,0.0,7.36387979599e-19,0.00495192979373,200.0
1.72254555526,0.00590614809942,0.994275138761,59,86.4677933944,0.543803170729,-3.13818571703e-17,-0.0120640330402,21,181.0,199.095238095,4.046218245,9.04419613846e-19,0.0120640330402,200.0
1.72307039905,0.00642032392136,0.998839657591,60,86.6020325142,0.544107815129,7.61612994893e-17,-0.00827637192346,20,200.0,200.0,0.0,-1.37374198499e-18,0.00827637192346,200.0
1.72167998988,0.00514853196697,0.999973717934,61,86.6020325142,0.543300552428,-2.30926389122e-17,-0.00664131203227,20,200.0,200.0,0.0,-1.04547339367e-18,0.00664131203227,200.0
1.70572279997,0.00584215412115,0.999972429857,62,86.6020325142,0.533988950502,6.72795152923e-17,-0.00639168077187,20,200.0,200.0,0.0,1.33540040343e-18,0.00639168077187,200.0
1.67692149708,0.00660397152866,0.99997456892,63,86.6020325142,0.516959670224,3.5527136788e-17,-0.00823199326846,20,200.0,200.0,0.0,-1.576339497e-18,0.00823199326846,200.0
1.7126721202,0.00453813162758,0.918058501059,64,84.830241009,0.538054794251,1.3906486335e-16,-0.0152123071918,21,70.0,193.428571429,27.6518688399,-2.3045724375e-18,0.0152123071918,200.0
1.69592149282,0.00693834853593,0.991877883841,65,86.6020325142,0.528226246685,3.19622800449e-17,-0.00854351738616,20,200.0,200.0,0.0,-1.12413110473e-18,0.00854351738616,200.0
1.72776977502,0.00500309268862,0.958064588195,66,86.0261749626,0.546831429459,8.60919438039e-17,-0.00849367171391,21,136.0,196.952380952,13.62936672,1.84426523104e-18,0.00849367171391,200.0
1.71832555506,0.00512002188136,0.996617427033,67,86.6020325142,0.541350302153,-5.20278264915e-17,-0.0072143788702,20,200.0,200.0,0.0,1.83406474046e-18,0.0072143788702,200.0
1.70713673323,0.00556985473965,0.999973781185,68,86.6020325142,0.534817542085,3.43058914609e-17,-0.00890894035487,20,200.0,200.0,0.0,-1.61958354751e-18,0.00890894035487,200.0
1.67998506578,0.00493631886972,0.999973794255,69,86.6020325142,0.51878490396,-4.25215418431e-17,-0.00758552152791,20,200.0,200.0,0.0,-2.38832794624e-18,0.00758552152791,200.0
1.71969722296,0.00752491837151,0.999973293608,70,86.6020325142,0.54214824217,-2.77555756156e-18,-0.00741821919116,20,200.0,200.0,0.0,-7.17424859239e-19,0.00741821919116,200.0
1.71746091129,0.00616832898153,0.999972174658,71,86.6020325142,0.540846985781,5.54001289288e-17,-0.00795519870104,20,200.0,200.0,0.0,-2.90399180995e-18,0.00795519870104,200.0
1.70585122272,0.00707083584321,0.920661647274,72,84.2187766753,0.534064237015,-2.88132583534e-16,-0.0147420508326,21,48.0,192.19047619,32.3428347075,4.07671958016e-19,0.0147420508326,200.0
1.67933789158,0.00721253507664,0.955690876283,73,85.9761390369,0.518399603579,-6.91296355542e-17,-0.0152742734314,21,154.0,196.238095238,11.7672052834,-2.96136167751e-19,0.0152742734314,200.0
1.68244511038,0.00533214120844,0.996246741232,74,86.6020325142,0.52024815816,-3.27515792264e-17,-0.00662594666018,20,200.0,200.0,0.0,-3.06667956064e-18,0.00662594666018,200.0
1.67736655924,0.00615856041484,0.999979773966,75,86.6020325142,0.517225039304,-1.87627691162e-17,-0.00625525482132,20,200.0,200.0,0.0,3.08612867023e-19,0.00625525482132,200.0
1.66520423209,0.00609453708485,0.848229348283,76,83.687283452,0.509947777828,-6.81170032309e-17,-0.00885072970721,22,75.0,188.954545455,34.9447320425,2.09414636549e-18,0.00885072970721,200.0
1.68095417723,0.00466630763644,0.930690208623,77,86.6020325142,0.519361594825,-1.92484916894e-16,-0.00584445707043,20,200.0,200.0,0.0,-3.6981058808e-19,0.00584445707043,200.0
1.6649476301,0.00470466240818,0.999979445995,78,86.6020325142,0.509793669543,1.23234755733e-17,-0.00724255727079,20,200.0,200.0,0.0,7.01092972231e-19,0.00724255727079,200.0
1.68123783048,0.00533296633382,0.999977162369,79,86.6020325142,0.519530325966,-1.67643676718e-17,-0.00586851754716,20,200.0,200.0,0.0,3.84806065241e-19,0.00586851754716,200.0
1.70506578954,0.00503496419033,0.999981908219,80,86.6020325142,0.533603696233,9.99200722163e-19,-0.00502982577661,20,200.0,200.0,0.0,7.55448129217e-20,0.00502982577661,200.0
1.72717295678,0.00501825416914,0.999982834089,81,86.6020325142,0.546485942835,-2.67563748935e-17,-0.00559068646524,20,200.0,200.0,0.0,-3.18260961597e-19,0.00559068646524,200.0
1.71031876188,0.00770442029521,0.946060865715,82,85.6532701045,0.5366797636,-4.30582449482e-16,-0.00872041537558,21,158.0,194.142857143,13.1449273732,-3.44082739004e-19,0.00872041537558,200.0
1.690502637,0.00472518081342,0.984805669646,83,86.3053094706,0.525025903058,-2.66485536185e-17,-0.00858485609743,21,162.0,198.19047619,8.09243649,3.23863030112e-18,0.00858485609743,200.0
1.71028234341,-5.09215128623e-19,0.918544275808,84,85.1722627431,0.536658469991,-6.64012889085e-17,-6.64012889085e-17,21,83.0,194.428571429,24.916186035,-5.09215128623e-19,0.0,200.0
1.6947290441,0.0051833413486,0.990147156887,85,86.6020325142,0.527522872065,2.83106871279e-18,-0.00643947108236,20,200.0,200.0,0.0,-2.28510694177e-19,0.00643947108236,200.0
1.70812163842,0.00583297554078,0.999978137884,86,86.6020325142,0.535394309704,-2.32036612147e-17,-0.00533508817742,20,200.0,200.0,0.0,1.08727583785e-18,0.00533508817742,200.0
1.69846130665,0.0047417177259,0.999979405552,87,86.6020325142,0.529722727463,2.96429547575e-17,-0.00527163596926,20,200.0,200.0,0.0,-2.75028985427e-18,0.00527163596926,200.0
1.71001501585,0.00643430366956,0.999976704164,88,86.6020325142,0.536502151676,2.84217094304e-17,-0.00646195365214,20,200.0,200.0,0.0,1.53673493692e-18,0.00646195365214,200.0
1.69364371386,0.00737865377398,0.920524716461,89,85.0874421551,0.526882251714,5.65794585055e-17,-0.00875032760801,21,79.0,194.238095238,25.768021455,-4.89714423684e-19,0.00875032760801,200.0
1.66374287184,0.00428759428196,0.985772306927,90,86.6020325142,0.509069806325,-3.21076498722e-16,-0.00581632800956,20,200.0,200.0,0.0,-4.34853666309e-19,0.00581632800956,200.0
1.68228519817,0.00554733859543,0.999984842219,91,86.6020325142,0.520153106138,2.96429547575e-17,-0.00521894551547,20,200.0,200.0,0.0,1.18150604876e-18,0.00521894551547,200.0
1.71206915399,0.00895942377204,0.999972585756,92,86.6020325142,0.537702670591,-1.84297022088e-17,-0.00485797326899,20,200.0,200.0,0.0,-4.40833058066e-19,0.00485797326899,200.0
1.7214428724,0.00555956245717,0.956942862241,93,85.9165503448,0.543162818462,1.38683471358e-16,-0.00863132679898,21,143.0,196.0,12.8322510366,-1.30857267304e-18,0.00863132679898,200.0
1.70701838599,-1.07240541189e-18,0.929958543609,94,85.4794136438,0.534748214689,2.05674977199e-16,2.05674977199e-16,21,99.0,195.19047619,21.508844355,-1.07240541189e-18,0.0,200.0
1.72528391307,0.00577409914789,0.937305737638,95,83.345236025,0.545391624227,-8.58903882235e-17,-0.0101623929194,21,20.0,191.428571429,38.3325939,2.64664052714e-18,0.0101623929194,200.0
1.70333069707,0.00914450493917,0.997881288262,96,86.6020325142,0.532585567841,-5.89285564789e-18,-0.00667288292854,20,200.0,200.0,0.0,2.92937599285e-19,0.00667288292854,200.0
1.6799041674,0.00481683252057,0.940107734074,97,85.6837666566,0.518736748572,-2.66948918824e-16,-0.00799679631847,21,138.0,194.761904762,15.2281217361,1.73892780168e-18,0.00799679631847,200.0
1.69259815877,0.00571079267845,0.988402069652,98,86.6020325142,0.526264720443,-2.5113244817e-16,-0.00453715428399,20,200.0,200.0,0.0,1.65875806208e-18,0.00453715428399,200.0
1.64746889468,0.00942347459874,0.999977291289,99,86.6020325142,0.499240106902,-1.27675647832e-17,-0.00680743145749,20,200.0,200.0,0.0,-2.59927371129e-18,0.00680743145749,200.0
1.66976942092,0.00550517309762,0.99990971171,100,86.5890785614,0.512685545592,3.38514881258e-18,-0.00828600752749,21,198.0,199.904761905,0.42591771,-9.94086353168e-20,0.00828600752749,200.0
1.65809784624,0.0064547761723,0.999958056912,101,86.5891436566,0.505671069589,-1.03881754186e-16,-0.00642032516901,21,199.0,199.904761905,0.293543523951,-4.50287353071e-19,0.00642032516901,200.0
1.63374413394,0.00800832197389,0.999975458346,102,86.6020325142,0.490874395401,-5.7842619583e-17,-0.0107251353815,20,200.0,200.0,0.0,-6.37276454799e-19,0.0107251353815,200.0
1.64749074879,0.00415520650072,0.999823211533,103,86.5825032845,0.499253372079,2.13500358155e-16,-0.00895903998486,21,197.0,199.857142857,0.638876565,1.68850056409e-18,0.00895903998486,200.0
1.65369922263,0.00500335760436,0.999933218695,104,86.6020325142,0.503014731592,5.04318808936e-17,-0.00454021483368,20,200.0,200.0,0.0,1.09588851858e-18,0.00454021483368,200.0
1.61849217623,0.00647363721705,0.999981428557,105,86.6020325142,0.481494960408,1.96509475359e-17,-0.00590744534593,20,200.0,200.0,0.0,-7.33183295655e-19,0.00590744534593,200.0
1.60949877837,0.00427123989898,0.999978760573,106,86.6020325142,0.475922812747,1.487698853e-17,-0.00592411153017,20,200.0,200.0,0.0,7.30495672304e-19,0.00592411153017,200.0
1.64667477973,0.00413432356212,0.999978030849,107,86.6020325142,0.498757969484,-4.4408920985e-19,-0.00428145838712,20,200.0,200.0,0.0,-7.85884579738e-19,0.00428145838712,200.0
1.62758764618,0.00457011107672,0.999971417077,108,86.6020325142,0.487098946909,-4.4408920985e-18,-0.00551256959131,20,200.0,200.0,0.0,2.82984807449e-19,0.00551256959131,200.0
1.6559560139,1.66962237042e-18,0.999976704438,109,86.6020325142,0.504378493956,-1.64313007645e-17,-1.64313007645e-17,20,200.0,200.0,0.0,1.66962237042e-18,0.0,200.0
1.64977974428,0.00331080878899,0.999962132955,110,86.5955880854,0.500641790689,-2.99937365833e-16,-0.00725993044704,21,199.0,199.952380952,0.212958855,8.0605963117e-19,0.00725993044704,200.0
1.65195691044,0.00766056742972,0.999967115993,111,86.6020325142,0.501960591488,-2.18491891246e-16,-0.00834264865445,20,200.0,200.0,0.0,-4.8218278089e-20,0.00834264865445,200.0
1.64311660642,0.0047472206664,0.999977545559,112,86.6020325142,0.496594808188,2.25375273999e-17,-0.00785791485659,20,200.0,200.0,0.0,2.07775970207e-18,0.00785791485659,200.0
1.65625433938,0.00684727249712,0.999980234647,113,86.6020325142,0.504558630752,-9.59232693276e-17,-0.00422373025748,20,200.0,200.0,0.0,2.38076677653e-18,0.00422373025748,200.0
1.63847574774,0.00566552004961,0.999982737997,114,86.6020325142,0.493766387544,2.32036612147e-17,-0.00753905514074,20,200.0,200.0,0.0,1.23228826744e-18,0.00753905514074,200.0
1.63143966525,0.0051090581745,0.9974885239,115,86.5007258555,0.489462855213,-8.78205314125e-17,-0.0082114301179,21,188.0,199.285714286,2.60298102261,-2.97513045793e-18,0.0082114301179,200.0
1.62602202023,0.00447674706852,0.998336494181,116,86.3804747656,0.486136553614,3.88991028546e-17,-0.00539904960566,21,188.0,198.428571429,3.43055498178,6.44398370637e-19,0.00539904960566,200.0
1.64421146111,0.00245722393296,0.999047936255,117,86.6020325142,0.497260914343,-2.74225087082e-17,-0.00531678214642,20,200.0,200.0,0.0,-2.01871069597e-18,0.00531678214642,200.0
1.65539694328,0.00433326586925,0.999985556449,118,86.6020325142,0.504040824954,-1.81521464526e-17,-0.00405488229497,20,200.0,200.0,0.0,-1.41528561832e-18,0.00405488229497,200.0
1.64479563775,0.00414397239981,0.99998358898,119,86.6020325142,0.497616144128,-2.0650148258e-17,-0.00463264426766,20,200.0,200.0,0.0,-1.24325588433e-18,0.00463264426766,200.0
1.67426949681,0.00654177869912,0.99998108703,120,86.6020325142,0.515376948841,9.98090499138e-17,-0.00659458950879,20,200.0,200.0,0.0,4.99063393726e-19,0.00659458950879,200.0
1.65900977618,0.0057228622819,0.999982457633,121,86.6020325142,0.506220904005,4.21884749358e-18,-0.0047039528537,20,200.0,200.0,0.0,-3.12755744247e-19,0.0047039528537,200.0
1.61754468428,0.00450273696663,0.99998357507,122,86.6020325142,0.480909372533,-5.29576382746e-17,-0.010999589999,20,200.0,200.0,0.0,6.12107354293e-19,0.010999589999,200.0
1.64027376035,0.00513203088166,0.999986324705,123,86.6020325142,0.494863154947,8.43769498715e-18,-0.0064381424566,20,200.0,200.0,0.0,5.24744762485e-19,0.0064381424566,200.0
1.66337794414,0.00630948920633,0.999984676059,124,86.6020325142,0.508850440858,1.1990408666e-17,-0.00635039404211,20,200.0,200.0,0.0,1.7600794898e-18,0.00635039404211,200.0
1.66373686252,0.00467454534729,0.999981599982,125,86.6020325142,0.509066194392,7.73825448164e-17,-0.0070181916975,20,200.0,200.0,0.0,2.17225541174e-18,0.0070181916975,200.0
1.65880944623,0.00546248700474,0.99758052568,126,86.5202550852,0.506100143992,2.22997294513e-16,-0.0163986351694,21,188.0,199.428571429,2.55550626,-1.28104434505e-18,0.0163986351694,200.0
1.66112067209,0.00648931840702,0.989724670509,127,86.242060073,0.507492478258,6.48544136734e-17,-0.00842728281773,21,174.0,197.619047619,6.92460203757,-1.2721036487e-18,0.00842728281773,200.0
1.64238353103,0.00321532106618,0.996792091411,128,86.527452844,0.496148559295,4.10271005519e-17,-0.0193643184528,21,189.0,199.476190476,2.342547405,1.39141879682e-18,0.0193643184528,200.0
1.64703220577,8.81272044163e-19,0.999309513508,129,86.6020325142,0.498975005208,1.37667655054e-17,1.37667655054e-17,20,200.0,200.0,0.0,8.81272044163e-19,0.0,200.0
1.63803695971,0.00524608790964,0.963408262292,130,83.1031461432,0.493498549103,4.17681999268e-17,-0.00727055965667,21,14.0,191.142857143,39.61034703,2.96943001944e-18,0.00727055965667,200.0
1.64125119195,0.00505273278337,0.997619788762,131,86.6020325142,0.495458872878,3.08919556602e-17,-0.00577806715802,20,200.0,200.0,0.0,-1.33147327426e-18,0.00577806715802,200.0
1.65456924489,0.00543886752826,0.999525962795,132,86.5691528092,0.503540699962,4.5294188212e-16,-0.0089710785906,21,195.0,199.761904762,1.064794275,-8.89510358565e-19,0.00897107859061,200.0
1.65996362876,0.00495323724368,0.999941526922,133,86.6020325142,0.50679569174,8.79296635503e-17,-0.00663836351518,20,200.0,200.0,0.0,-1.8946490724e-18,0.00663836351518,200.0
1.63938826507,0.00623945301727,0.999984313813,134,86.6020325142,0.494323163145,3.77475828373e-18,-0.00635227058783,20,200.0,200.0,0.0,-1.22701154011e-18,0.00635227058783,200.0
1.64315056807,0.00623645513789,0.999977659958,135,86.6020325142,0.496615477015,1.14352971536e-16,-0.00780231894773,20,200.0,200.0,0.0,1.871251658e-18,0.00780231894773,200.0
1.66142762553,0.00422798387674,0.999977613421,136,86.6020325142,0.507677248148,2.55351295664e-17,-0.00541253847112,20,200.0,200.0,0.0,-1.3032866083e-19,0.00541253847112,200.0
1.66664195991,0.00607992729929,0.999980420316,137,86.6020325142,0.510810799604,2.2315482795e-17,-0.00588570779884,20,200.0,200.0,0.0,-2.93242886323e-19,0.00588570779884,200.0
1.68370558303,0.00636916342474,0.999981277205,138,86.6020325142,0.520997068603,-4.7295500849e-17,-0.0049081093968,20,200.0,200.0,0.0,1.2376264945e-18,0.0049081093968,200.0
1.64006345963,0.00481040605236,0.963561013272,139,83.0290785129,0.494734935983,-5.06444836997e-17,-0.00983372619199,22,12.0,190.409090909,39.1334071315,2.04109731793e-18,0.00983372619199,200.0
1.65065903441,0.00483846855196,0.998222038161,140,86.6020325142,0.501174622964,3.25850457727e-16,-0.0045869335649,20,200.0,200.0,0.0,1.60964650097e-18,0.0045869335649,200.0
1.64674607611,0.00670725046495,0.999985604258,141,86.6020325142,0.498801265724,1.32671651443e-16,-0.00575110778984,20,200.0,200.0,0.0,3.62965517416e-18,0.00575110778984,200.0
1.63626124759,0.00842679662528,0.99910616062,142,86.5555312652,0.492413912223,-8.65284868957e-17,-0.00592365700515,21,193.0,199.666666667,1.490711985,1.88970091183e-18,0.00592365700515,200.0
1.60970290126,0.00546907034059,0.999570643768,143,86.6020325142,0.476049628591,3.13526982154e-16,-0.0230938361061,20,200.0,200.0,0.0,2.14235612791e-18,0.0230938361061,200.0
1.63375282762,0.00575683657885,0.999984661762,144,86.6020325142,0.490879716711,-2.67563748935e-17,-0.00623916107992,20,200.0,200.0,0.0,-1.5561062939e-18,0.00623916107992,200.0
1.64772527457,0.00606578324488,0.994240589474,145,86.4548394416,0.49939571527,-2.59491635193e-16,-0.0114878230036,21,181.0,199.0,4.04733892588,6.74576719117e-19,0.0114878230036,200.0
1.6482522635,0.00412203026881,0.996757896558,146,86.3873855526,0.499715492286,5.48054445833e-17,-0.00645507057789,21,181.0,198.523809524,4.46807775457,-3.37683393818e-19,0.00645507057789,200.0
1.65574627968,0.00504487899119,0.997824601428,147,86.6020325142,0.504251831471,6.68909372337e-17,-0.00485592852728,20,200.0,200.0,0.0,-3.57303390743e-19,0.00485592852728,200.0
1.6240428767,1.66720323131e-18,0.999987072135,148,86.6020325142,0.4849186433,1.33226762955e-18,1.33226762955e-18,20,200.0,200.0,0.0,1.66720323131e-18,0.0,200.0
1.63480375608,0.00596935987006,0.999985038694,149,86.6020325142,0.491522770285,4.97379915032e-17,-0.00500669515782,20,200.0,200.0,0.0,-3.10543963139e-19,0.00500669515782,200.0
1.66394340358,1.05676693786e-19,0.999985540909,150,86.6020325142,0.509190329547,-1.93178806285e-17,-1.93178806285e-17,20,200.0,200.0,0.0,1.05676693786e-19,0.0,200.0
1.64372817652,0.00378246760557,0.99502799714,151,86.4313788416,0.496966940213,-1.17284758086e-16,-0.0040683058146,21,185.0,198.80952381,3.63343006799,9.31811766771e-19,0.0040683058146,200.0
1.64465355867,0.00551306158759,0.999172556144,152,86.6020325142,0.497529759404,8.2246709443e-17,-0.0337082382364,20,200.0,200.0,0.0,-5.41205020514e-19,0.0337082382364,200.0
1.65291189681,0.00357096846047,0.995085129985,153,86.4569899987,0.502538518455,-4.35254116655e-16,-0.0141448511614,21,183.0,199.0,3.67747325263,-3.98030212944e-19,0.0141448511614,200.0
1.62734410596,0.00868981024145,0.976816263207,154,86.0057453002,0.486949303082,5.97004179221e-17,-0.00412938997322,21,158.0,196.238095238,10.1507905482,2.65001225675e-19,0.00412938997322,200.0
1.63720320228,-8.66495181009e-19,0.950674468625,155,83.2407702117,0.492989421583,1.24847121615e-16,1.24847121615e-16,22,18.0,190.545454545,37.9565867715,-8.66495181009e-19,0.0,200.0
1.63325723112,0.00668840968003,0.991806412024,156,86.366397091,0.490576322169,3.6768475926e-16,-0.0116958549493,21,183.0,198.380952381,4.69524775426,4.62138046597e-18,0.0116958549493,200.0
1.64118312775,0.00491331186488,0.996697742509,157,86.4177850055,0.4954174011,6.97048723824e-17,-0.00477765697104,21,184.0,198.714285714,3.74347504896,9.87355202339e-19,0.00477765697104,200.0
1.63899007647,0.0025368313062,0.974095333122,158,86.0743085988,0.494080245119,-1.99474727367e-16,-0.00407390339894,21,155.0,196.761904762,10.350545244,2.63539722518e-18,0.00407390339894,200.0
1.62365779077,0.00449377677107,0.991344227157,159,86.2001360236,0.484681499568,3.46706866826e-16,-0.00367549800107,21,173.0,197.285714286,6.51841974089,2.20053362928e-18,0.00367549800107,200.0
1.6372549751,0.00292698465649,0.99224187556,160,86.2203008941,0.493021043807,-6.98642515979e-17,-0.00416021352999,21,176.0,197.428571429,6.50692984859,1.4265822155e-18,0.00416021352999,200.0
1.63464392251,-1.8870086624e-18,0.995730463833,161,86.5559318334,0.491424996234,-3.1085185569e-16,-3.1085185569e-16,21,194.0,199.666666667,1.28483214888,-1.8870086624e-18,0.0,200.0
1.64918003121,0.00729204372735,0.999906788269,162,86.6020325142,0.50027821361,-2.56961119049e-16,-0.016197399802,20,200.0,200.0,0.0,-2.51659446598e-18,0.016197399802,200.0
1.63626262679,0.00395687076922,0.964492849663,163,86.0381665396,0.492414755121,1.35087441892e-16,-0.00773543116161,21,151.0,196.619047619,11.2227498136,-9.18677884499e-19,0.00773543116161,200.0
1.64454815214,0.00196666285501,0.988539321647,164,86.4115079732,0.497465666936,-3.12798820546e-17,-0.00453230271595,21,174.0,198.761904762,5.53693023,2.32227979476e-18,0.00453230271595,200.0
1.63760823921,0.00315199626491,0.9933134376,165,86.3316037858,0.493236786624,-1.06620889703e-16,-0.00831792006747,21,176.0,198.19047619,5.78684096418,2.98104663948e-19,0.00831792006747,200.0
1.63862723327,1.06414326578e-18,0.995813848954,166,86.5056407193,0.493858838428,-5.96327149682e-16,-5.96327149682e-16,21,186.0,199.333333333,2.98142397,1.06414326578e-18,0.0,200.0
1.63754380629,6.22327019906e-19,0.998866102258,167,86.5362053388,0.493197440104,3.06622931765e-16,3.06622931765e-16,21,194.0,199.523809524,1.49981102362,6.22327019906e-19,0.0,200.0
1.63756724303,0.00350539908509,0.976565807646,168,86.2371812221,0.493211752128,-3.41730922207e-16,-0.00504021477184,21,155.0,197.857142857,9.583148475,1.4700717096e-18,0.00504021477184,200.0
1.63773353154,0.00354646060057,0.98975854933,169,86.2437036092,0.493313293037,1.24960283085e-16,-0.00494024809994,21,175.0,197.619047619,6.77162279542,-1.44615751979e-18,0.00494024809994,200.0
1.6476838401,0.00607180536652,0.996388632839,170,86.6020325142,0.499370568482,-2.86548562656e-16,-0.00387774653437,20,200.0,200.0,0.0,1.39696842421e-18,0.00387774653437,200.0
1.64071482541,0.00266683153405,0.999914700188,171,86.5890785614,0.495132016022,-1.97396490133e-16,-0.00178446481739,21,198.0,199.904761905,0.42591771,1.41140527055e-18,0.00178446481739,200.0
1.64066846218,-1.5946688315e-18,0.998426493675,172,86.527452844,0.495103757681,-3.9568094166e-16,-3.9568094166e-16,21,189.0,199.476190476,2.342547405,-1.5946688315e-18,0.0,200.0
1.63197881425,0.00455988636064,0.997770480023,173,86.527452844,0.489793274996,1.04475988615e-16,-0.0177882184504,21,189.0,199.476190476,2.342547405,-5.98976442396e-19,0.0177882184504,200.0
1.64220255256,0.00358831517197,0.999842550827,174,86.6020325142,0.496038360644,3.64777652528e-17,-0.00425895510289,20,200.0,200.0,0.0,-3.44245701873e-19,0.00425895510289,200.0
1.64082054963,0.00182357789855,0.982495196929,175,86.3239104283,0.495196451851,-6.72892737367e-18,-0.00703163474916,21,164.0,198.285714286,7.66651878,-1.60104965609e-18,0.00703163474916,200.0
1.65617112545,0.00609165045408,0.99745272279,176,86.6020325142,0.50450838725,1.95399252334e-17,-0.0162441228961,20,200.0,200.0,0.0,5.60199339265e-19,0.0162441228961,200.0
1.64652483051,0.00283739868595,0.991047755595,177,86.2873213269,0.498666903502,-7.72398782178e-17,-0.00830530580271,21,186.0,197.80952381,4.80692999364,1.79988801257e-18,0.00830530580271,200.0
1.65328508898,0.00620443113459,0.995095334281,178,86.316543998,0.502764271589,2.71269208373e-16,-0.0108072428108,21,178.0,198.047619048,5.24155729745,9.91750890941e-19,0.0108072428108,200.0
1.65850366515,-9.07016413198e-19,0.998428584213,179,86.5486171268,0.505915789324,-2.96041817015e-16,-2.96041817015e-16,21,192.0,199.619047619,1.70367084,-9.07016413198e-19,0.0,200.0
1.64875870248,0.0046331935035,0.996969291862,180,86.4907296225,0.500022703263,5.35740986309e-17,-0.0124751512924,21,184.0,199.238095238,3.40734168,2.78516352167e-19,0.0124751512924,200.0
1.65547677241,0.00659149232253,0.96454968987,181,85.929427238,0.504089047349,3.12206931967e-16,-0.00920551411416,21,144.0,196.095238095,12.8948301265,-2.05309285241e-19,0.00920551411416,200.0
1.6564949177,8.25785611152e-19,0.985137103791,182,86.5561988564,0.504703874655,-1.78091105739e-16,-1.78091105739e-16,21,195.0,199.666666667,1.12687233964,8.25785611152e-19,0.0,200.0
1.64304356401,0.00623591678556,0.999775355062,183,86.5758615908,0.496550353623,-3.54975026177e-16,-0.00585744962375,21,196.0,199.80952381,0.85183542,1.61861980496e-18,0.00585744962375,200.0
1.62692481524,0.00359623844127,0.982648004226,184,86.2066902831,0.486691616497,-4.44745275072e-16,-0.00708991334235,21,170.0,197.428571429,7.7125218442,-2.2696792415e-19,0.00708991334235,200.0
1.64152032516,0.00282641449118,0.993597161853,185,86.5056407193,0.495622839947,5.92507940041e-17,-0.00378392376769,21,186.0,199.333333333,2.98142397,2.29496161202e-18,0.00378392376769,200.0
1.63295853864,0.00564060851231,0.999674177272,186,86.6020325142,0.490393423977,4.89941420767e-16,-0.00563681919314,20,200.0,200.0,0.0,-8.36627629875e-19,0.00563681919314,200.0
1.65028974399,0.00576000888453,0.999985024324,187,86.6020325142,0.500950874915,2.73114864058e-17,-0.00602823150363,20,200.0,200.0,0.0,1.7879624997e-18,0.00602823150363,200.0
1.64075419958,0.00239105848945,0.999987128588,188,86.6020325142,0.49515601392,1.08024700296e-16,-0.00380447402739,20,200.0,200.0,0.0,-8.49650675342e-19,0.00380447402739,200.0
1.65043231774,5.69240750616e-19,0.984967070406,189,86.2452383423,0.501037264345,3.95720939283e-16,3.95720939283e-16,21,172.0,197.619047619,6.60069397849,5.69240750616e-19,0.0,200.0
1.64917220765,0.00539265273732,0.994604380822,190,86.3837557193,0.500273469691,1.77039162094e-16,-0.00741667467098,21,178.0,198.523809524,4.97248665989,1.94192605249e-19,0.00741667467098,200.0
1.65516908357,0.00961104179622,0.997797745644,191,86.6020325142,0.50390316891,-1.22124532709e-17,-0.00148174177964,20,200.0,200.0,0.0,2.52125121071e-18,0.00148174177964,200.0
1.65925557284,0.00918186676719,0.999982283006,192,86.6020325142,0.506369051689,-1.40998324127e-17,-0.0067865811031,20,200.0,200.0,0.0,5.49377393256e-19,0.0067865811031,200.0
1.60203662952,0.0041050068843,0.999353196395,193,86.5623762622,0.471275713253,4.36465360754e-16,-0.00833303788069,21,194.0,199.714285714,1.27775313,1.90310703335e-19,0.00833303788069,200.0
1.60892711549,0.004116405095,0.942952153146,194,85.4950223867,0.475567568969,-3.02151382059e-16,-0.00414537674574,21,153.0,193.238095238,14.3391065734,-1.5446862275e-18,0.00414537674574,200.0
1.60331473108,0.00964453816796,0.984383709626,195,86.2420577366,0.472073193148,-1.94663742963e-16,-0.00359195236067,21,179.0,197.523809524,5.56022479521,-3.01388874602e-20,0.00359195236067,200.0
1.60712562733,0.00701628255981,0.99026788124,196,86.2236294911,0.474447258763,2.17091837634e-16,-0.00657684226629,21,170.0,197.476190476,6.75855047589,-1.1006688099e-18,0.00657684226629,200.0
1.61540415267,1.06785292913e-18,0.986476717445,197,86.3017027327,0.479585174699,1.12303021164e-16,1.12303021164e-16,21,163.0,198.142857143,7.86968695623,1.06785292913e-18,0.0,200.0
1.60038600869,0.00303077788838,0.952309422706,198,85.5197752123,0.470244855582,-4.26903939444e-17,-0.0028090342725,21,131.0,193.80952381,16.1086165869,-2.13169310501e-18,0.0028090342725,200.0
1.60785714204,0.00938750299439,0.985542222201,199,86.403139054,0.474902324795,-4.83145222315e-17,-0.00873682738873,21,173.0,198.714285714,5.749889085,2.14647132347e-18,0.00873682738873,200.0
1.60332136915,-2.76596908702e-19,0.99758600213,200,86.6020325142,0.472077333353,-1.81576975677e-16,-1.81576975677e-16,20,200.0,200.0,0.0,-2.76596908702e-19,0.0,200.0
1.60482782379,0.00210515901915,0.979127427502,201,86.286330838,0.473016475933,-7.01372053384e-16,-0.00748736592558,21,160.0,198.095238095,8.5183542,-7.28706692192e-19,0.00748736592558,200.0
1.60806668695,2.59661952822e-19,0.990512795894,202,86.6020325142,0.475032641882,-9.0483176507e-17,-9.0483176507e-17,20,200.0,200.0,0.0,2.59661952822e-19,0.0,200.0
1.60248559392,-1.74688225515e-18,0.999989115587,203,86.6020325142,0.47155592002,3.68594044176e-17,3.68594044176e-17,20,200.0,200.0,0.0,-1.74688225515e-18,0.0,200.0
1.59611531416,0.00494455224343,0.999987353922,204,86.6020325142,0.467572748399,1.82076576039e-17,-0.00510449578785,20,200.0,200.0,0.0,9.98364181859e-19,0.00510449578785,200.0
1.63898145393,0.009835343959,0.999989050866,205,86.6020325142,0.49407498422,-9.49240686055e-17,-0.00574232677926,20,200.0,200.0,0.0,7.53819792887e-19,0.00574232677926,200.0
1.61437530859,0.00397688461704,0.999992675883,206,86.6020325142,0.47894807602,-1.11022302463e-18,-0.00552849001031,20,200.0,200.0,0.0,4.97349475599e-19,0.00552849001031,200.0
1.6024794532,0.00496576153578,0.999986833587,207,86.6020325142,0.471552088015,3.5527136788e-17,-0.00588376523627,20,200.0,200.0,0.0,-4.95064916336e-19,0.00588376523627,200.0
1.59452251061,1.24001747992e-18,0.999987202099,208,86.6020325142,0.466574325028,7.54951656745e-18,7.54951656745e-18,20,200.0,200.0,0.0,1.24001747992e-18,0.0,200.0
1.59916941759,0.00435762726236,0.999986391727,209,86.6020325142,0.46948438045,-9.65894031424e-18,-0.00545253960981,20,200.0,200.0,0.0,-1.2837965932e-18,0.00545253960981,200.0
1.58827902452,0.00583549491321,0.999985468289,210,86.6020325142,0.462651055528,8.10462807976e-18,-0.00598602549175,20,200.0,200.0,0.0,5.48437506714e-19,0.00598602549175,200.0
1.5742780047,0.00509546397576,0.99999091881,211,86.6020325142,0.453796757459,-2.93098878501e-17,-0.00560796698237,20,200.0,200.0,0.0,1.83653020795e-18,0.00560796698237,200.0
1.57299363471,0.00809302738027,0.999985465959,212,86.6020325142,0.452980577477,-2.44249065418e-17,-0.00629116391638,20,200.0,200.0,0.0,1.02104276075e-18,0.00629116391638,200.0
1.56920369876,0.00573153483281,0.99998771973,213,86.6020325142,0.450568292453,-2.79776202206e-17,-0.00457766498026,20,200.0,200.0,0.0,1.18892627357e-18,0.00457766498026,200.0
1.53961852205,0.00594674384156,0.999987482085,214,86.6020325142,0.431534672785,-4.69624339416e-17,-0.00492778347492,20,200.0,200.0,0.0,-4.55721844028e-19,0.00492778347492,200.0
1.54585495229,0.00435214509391,0.999986425576,215,86.6020325142,0.435577124478,-2.70894418009e-17,-0.00336116940943,20,200.0,200.0,0.0,1.37842029755e-18,0.00336116940943,200.0
1.55475318482,1.38308994911e-19,0.999980577238,216,86.6020325142,0.441316809443,-4.98490138057e-17,-4.98490138057e-17,20,200.0,200.0,0.0,1.38308994911e-19,0.0,200.0
1.5327742247,0.0054472267998,0.999986873981,217,86.6020325142,0.427079312264,-1.18793863635e-17,-0.00583550906441,20,200.0,200.0,0.0,-3.31084493919e-19,0.00583550906441,200.0
1.53813294416,0.00771663969789,0.999984677622,218,86.6020325142,0.430569306986,-3.67483821151e-17,-0.00698755534194,20,200.0,200.0,0.0,1.62848174166e-18,0.00698755534194,200.0
1.53889289206,0.00594498901998,0.999989927607,219,86.6020325142,0.431063256634,-1.35780275912e-16,-0.00710336058968,20,200.0,200.0,0.0,-1.34219188294e-18,0.00710336058968,200.0
1.53500305795,0.0083760934467,0.999991609606,220,86.6020325142,0.428532373188,6.98330282489e-17,-0.00750498513802,20,200.0,200.0,0.0,-1.58617590684e-19,0.00750498513802,200.0
1.54229215144,0.0069140526308,0.999989138564,221,86.6020325142,0.43326971987,3.00870439673e-17,-0.00618964223435,20,200.0,200.0,0.0,-5.91982883244e-20,0.00618964223435,200.0
1.53641251038,0.00621197702362,0.999987324998,222,86.6020325142,0.429450160117,-4.34097202628e-17,-0.00828078225807,20,200.0,200.0,0.0,-8.16427864726e-19,0.00828078225807,200.0
1.54459730943,-8.93649873553e-19,0.999986793958,223,86.6020325142,0.434763235229,-8.21565038223e-18,-8.21565038223e-18,20,200.0,200.0,0.0,-8.93649873553e-19,0.0,200.0
1.53377829205,4.00254513472e-19,0.999986738503,224,86.6020325142,0.4277341632,2.33513208769e-15,2.33513208769e-15,20,200.0,200.0,0.0,4.00254513472e-19,0.0,200.0
1.52472556184,0.00784953853475,0.999984635899,225,86.6020325142,0.421814434418,2.03281835809e-16,-0.00462394465153,20,200.0,200.0,0.0,8.56764919273e-19,0.00462394465153,200.0
1.5261876505,0.00298375037635,0.999989055526,226,86.6020325142,0.422772894176,-5.14033260401e-17,-0.00458988870568,20,200.0,200.0,0.0,-1.61522537849e-18,0.00458988870568,200.0
1.54004186922,2.45575328606e-18,0.999988389142,227,86.6020325142,0.431809603864,-3.80251385934e-17,-3.80251385934e-17,20,200.0,200.0,0.0,2.45575328606e-18,0.0,200.0
1.54978862627,2.46434117879e-19,0.999989636731,228,86.6020325142,0.438118551482,-4.4408920985e-18,-4.4408920985e-18,20,200.0,200.0,0.0,2.46434117879e-19,0.0,200.0
1.5432800158,0.00599339810396,0.999989474304,229,86.6020325142,0.433910031838,1.38888900381e-16,-0.00468368650326,20,200.0,200.0,0.0,7.09800209079e-19,0.00468368650326,200.0
1.54949948161,0.00178240668846,0.999989703827,230,86.6020325142,0.43793196369,-2.44027020813e-16,-0.00251472509921,20,200.0,200.0,0.0,-1.73439014706e-18,0.00251472509921,200.0
1.56083935909,0.00264389176441,0.999985448913,231,86.6020325142,0.445223727265,-1.11022302463e-19,-0.00203028169353,20,200.0,200.0,0.0,-1.12331178492e-18,0.00203028169353,200.0
1.55757860129,-4.02184415277e-19,0.999989703677,232,86.6020325142,0.443132436727,2.93098878501e-17,2.93098878501e-17,20,200.0,200.0,0.0,-4.02184415277e-19,0.0,200.0
1.54709504761,-5.46986791065e-19,0.99999314685,233,86.6020325142,0.436379009657,-4.40758540776e-17,-4.40758540776e-17,20,200.0,200.0,0.0,-5.46986791065e-19,0.0,200.0
1.55775880147,-1.02856878444e-18,0.999992432697,234,86.6020325142,0.443248122544,-1.15241149956e-16,-1.15241149956e-16,20,200.0,200.0,0.0,-1.02856878444e-18,0.0,200.0
1.54435595262,0.00466827300921,0.999989544576,235,86.6020325142,0.434606964293,2.08499884025e-16,-0.00623096084966,20,200.0,200.0,0.0,-7.81086312759e-19,0.00623096084966,200.0
1.54300237375,0.00322065204469,0.99998829534,236,86.6020325142,0.433730111781,-5.21804821574e-18,-0.00821472283629,20,200.0,200.0,0.0,1.2679626695e-19,0.00821472283629,200.0
1.56192918268,0.00414507065117,0.999988966032,237,86.6020325142,0.445921712796,-1.93178806285e-17,-0.00369657477601,20,200.0,200.0,0.0,1.50721502574e-18,0.00369657477601,200.0
1.54225862733,0.00401008192186,0.999989170677,238,86.6020325142,0.433247983079,5.55111512313e-19,-0.00456267812168,20,200.0,200.0,0.0,2.86839350238e-19,0.00456267812168,200.0
1.54578505208,0.00995121032694,0.999988162849,239,86.6020325142,0.43553190562,2.44249065418e-17,-0.0108534285361,20,200.0,200.0,0.0,1.25321204316e-19,0.0108534285361,200.0
1.5510015156,-1.26119822052e-18,0.999987648566,240,86.6020325142,0.438900861369,9.78106484695e-17,9.78106484695e-17,20,200.0,200.0,0.0,-1.26119822052e-18,0.0,200.0
1.55597842766,0.00327467348453,0.999988557848,241,86.6020325142,0.442104561688,-5.21804821574e-17,-0.00323780201852,20,200.0,200.0,0.0,-2.36320948526e-19,0.00323780201852,200.0
1.56469655259,0.003781475504,0.999985243546,242,86.6020325142,0.447691909084,-7.88258347484e-18,-0.0032105772088,20,200.0,200.0,0.0,-2.55118263253e-18,0.0032105772088,200.0
1.56343769782,0.00602695904628,0.999979854507,243,86.6020325142,0.446887049232,-9.7699626167e-17,-0.00572561322441,20,200.0,200.0,0.0,5.65743858006e-19,0.00572561322441,200.0
1.57162924577,0.00432549022623,0.99998434303,244,86.6020325142,0.452112817446,-1.05804254247e-16,-0.00717075639101,20,200.0,200.0,0.0,-6.87704915829e-19,0.00717075639101,200.0
1.55594648395,0.00528573131025,0.999981890055,245,86.6020325142,0.442084031814,-2.51465515078e-17,-0.00433214273403,20,200.0,200.0,0.0,8.31503776574e-19,0.00433214273403,200.0
1.57722107816,0.00269897264583,0.999985392662,246,86.6020325142,0.455664487223,-3.73034936274e-17,-0.00270426909397,20,200.0,200.0,0.0,2.0803579526e-18,0.00270426909397,200.0
1.56611327347,0.00609645706999,0.999978181105,247,86.6020325142,0.44859692795,1.64868119157e-17,-0.00555676425759,20,200.0,200.0,0.0,5.87572291975e-19,0.00555676425759,200.0
1.56732476322,0.00262517840084,0.999982046027,248,86.6020325142,0.449370193476,-7.30526750203e-17,-0.00459154857197,20,200.0,200.0,0.0,8.34440600463e-19,0.00459154857197,200.0
1.57363712211,0.00593662298764,0.999980568022,249,86.6020325142,0.453389578377,-4.76285677564e-17,-0.00343224148053,20,200.0,200.0,0.0,6.97111006244e-19,0.00343224148053,200.0
