AverageReturn,ExplainedVariance,MinReturn,DualAfter,NumTrajs,MeanKL,AverageDiscountedReturn,Perplexity,LossBefore,DualBefore,Iteration,MaxReturn,Entropy,LossAfter,StdReturn
19.4541062802,1.37865829863e-10,9.0,8.219748138800428,207,0.0032509265931718345,17.3764855037,1.97459023683,0.6510915817416598,8.472177200295507,0,73.0,0.680360901803,0.6478168400605416,9.91103274614
19.5194174757,0.340482228435,8.0,7.967853449489825,206,0.01224331119601929,17.4401315979,1.97345362543,0.6407261024365154,8.220256368823224,1,76.0,0.679785117204,0.6301165080322383,9.85512097183
18.7990654206,0.265855658405,8.0,7.714126545595963,214,0.01216506938131899,16.8898037109,1.94167137805,0.6394175352616555,7.966777038065613,2,85.0,0.663549137242,0.6276133895446332,9.1876491184
18.971563981,0.421496605273,8.0,7.462404647996291,211,0.01941381648744745,17.0963865149,1.92077981995,0.6229084978875564,7.715052470972564,3,59.0,0.652731259803,0.6043760409931829,8.10822219862
18.6046511628,0.448298595452,8.0,7.2097049716412975,215,0.01946173178803492,16.8372812695,1.87450974565,0.6031133644716463,7.4626355005782825,4,57.0,0.628347156247,0.5840045861777318,7.32609079071
18.6093023256,0.424507643728,8.0,1.0458166653073837,215,0.13770138294994597,16.8093590597,1.83830485569,0.1545457663719617,7.209650757521673,5,63.0,0.608843872908,0.12577173363161295,7.87908075011
25.9161290323,0.215041370381,10.0,1.0595659020911068,155,0.09034592218027902,22.2971257598,1.77113570631,0.15765824189649655,1.0595659020911068,6,89.0,0.571620982802,0.13473240629721742,13.2815442353
37.8411214953,0.162714374447,13.0,1.063215864250805,107,0.04679456029148321,30.1646845352,1.67678551326,0.15319941673995036,1.063215864250805,7,111.0,0.516878575592,0.13913271398262844,21.5072904539
43.0322580645,0.278097759977,16.0,1.0636684714242255,93,0.0381052013475401,33.4234638136,1.59543283273,0.1427648248572895,1.0636684714242255,8,133.0,0.467145067905,0.13196614758448127,23.7013005464
48.4642857143,0.289025610395,20.0,1.0641808572014906,84,0.02929219748292078,36.9622703422,1.54149350105,0.1638369712730032,1.0641808572014906,9,135.0,0.432751752347,0.15189489174340828,23.8659183319
58.9565217391,0.281771341036,25.0,1.0647919872401004,69,0.022532051060692698,42.6579267084,1.49557468135,0.14171577061846477,1.0647919872401004,10,170.0,0.40251053522,0.13387681219008288,28.3285254826
57.323943662,0.245016404326,26.0,1.064870515590574,71,0.021517619799930596,41.6449274822,1.47519655228,0.1284010624619506,1.064870515590574,11,170.0,0.388791236698,0.12149407898222114,29.4574291296
67.7333333333,0.378593064531,26.0,1.0641479017533508,60,0.00817784461432271,47.0669917759,1.4518287534,0.14539978488208094,1.0641479017533508,12,189.0,0.372823971018,0.14142686259191267,32.0769214372
67.1833333333,0.508851775276,32.0,1.0637759744402229,60,0.004234206677222278,47.2272578579,1.44964259389,0.12617977433157684,1.0637759744402229,13,195.0,0.371317039078,0.1245268002202252,28.9577230152
67.25,0.562041250586,32.0,1.0646359403682486,60,0.013053287829029049,47.6116171551,1.44234257959,0.15936602856724658,1.0646359403682486,14,129.0,0.36626858318,0.15346000154046863,24.8995481887
79.2692307692,0.453553797815,37.0,1.0619673532832117,52,0.00693354646804321,52.820210664,1.44549863468,0.13540202138287363,1.0619673532832117,15,200.0,0.368454337945,0.13275866815729223,32.7643775749
88.4042553191,0.608503766068,37.0,1.0651421498376055,47,0.005098882529785245,56.6883862186,1.42742223651,0.1250930004574015,1.0651421498376055,16,190.0,0.355870185768,0.12319854723711864,33.7416086176
82.9387755102,0.631179984989,39.0,1.0655314185189695,49,0.008167413326927681,54.9176931104,1.42248492094,0.14736585233476102,1.0655314185189695,17,160.0,0.352405286571,0.14368935085845244,28.094162487
79.0980392157,0.693305811149,47.0,1.0655263755141384,51,0.0052534787806001355,53.6920059572,1.42006619099,0.12611908212088346,1.0655263755141384,18,170.0,0.350703483902,0.12386516462231861,23.803323958
87.3913043478,0.672763047049,47.0,1.0640440601064654,46,0.003418369605476222,56.8769674854,1.41494452141,0.1451994276468885,1.0640440601064654,19,151.0,0.347090322844,0.14365611120913332,28.1567647759
87.4565217391,0.711059011202,47.0,1.0652639697157071,46,0.007522397879808674,57.025016255,1.42297575477,0.15006989957652067,1.0652639697157071,20,158.0,0.352750280855,0.14583424723949182,26.8948892201
83.9166666667,0.693919329637,37.0,1.0650869721218184,48,0.013439484921248685,55.5220412448,1.41587349074,0.1371998043762779,1.0650869721218184,21,159.0,0.347746648586,0.13115357105674946,26.5564127012
79.2156862745,0.718916278632,44.0,1.0635640697696127,51,0.00918698602089781,53.486460979,1.38264501115,0.16052129084304526,1.0635640697696127,22,142.0,0.323998339439,0.155607257051085,25.4930315165
91.2666666667,0.688242939246,40.0,1.0657737333883803,45,0.0049649913176125,58.2332119421,1.36917739769,0.12341688759789134,1.0657737333883803,23,176.0,0.314210119859,0.12118528552818063,30.5755167123
92.1136363636,0.648915354225,40.0,1.0686563025778355,44,0.003841978072781173,58.2458260548,1.36611500439,0.15397747385080687,1.0686563025778355,24,200.0,0.311970948227,0.1521246015079804,34.4932245712
83.7916666667,0.652726251573,46.0,1.0687068802218709,48,0.0017912693875971712,55.3219154701,1.35994678931,0.1288425581259999,1.0687068802218709,25,200.0,0.307445573475,0.12800199791469635,28.6159616978
82.8979591837,0.692008014014,45.0,1.0678442620370632,49,0.006625305160649407,55.0486959544,1.35938638998,0.1123208569672068,1.0678442620370632,26,183.0,0.307033414096,0.10976111256494413,27.5756805737
100.024390244,0.705057598119,53.0,1.066134497411015,41,0.007498908590963861,61.8673181447,1.36055924619,0.13163062348011842,1.066134497411015,27,200.0,0.307895825657,0.12772931567170775,29.6701277093
103.846153846,0.716441374115,54.0,1.066261030443657,39,0.003190218163381886,62.9105703578,1.36395883118,0.12559424758953758,1.066261030443657,28,188.0,0.310391376544,0.12425351413149276,33.0822893679
96.1666666667,0.687970646965,49.0,1.0696095803006545,42,0.005612238273247175,60.1168631171,1.34948189108,0.1434472799714317,1.0696095803006545,29,200.0,0.299720734404,0.14048690260254307,32.4829014851
101.75,0.659203473206,47.0,1.0703972945367717,40,0.0016904899710276009,61.750174273,1.34331370649,0.13285345477185787,1.0703972945367717,30,200.0,0.295139476633,0.13201500845709538,36.5059926587
102.45,0.691001822099,58.0,1.0686362489929553,40,0.0035747291264448698,62.3291375922,1.35121990821,0.12207040775580517,1.0686362489929553,31,186.0,0.301007820132,0.12029666758457086,34.2702130136
88.1086956522,0.724304302274,43.0,1.0672492332274233,46,0.0047634971830176264,56.9191621686,1.34782203904,0.14921085865088685,1.0672492332274233,32,173.0,0.298489985258,0.1462933512054579,30.2232477903
94.3720930233,0.596235801652,42.0,1.0726304173665766,43,0.00723495692368209,58.809469776,1.33274744024,0.11367227675613165,1.0726304173665766,33,200.0,0.287242556059,0.11072445155935262,37.7747443965
87.0434782609,0.711603015645,49.0,1.066637933936226,46,0.004036162470366832,56.6876094771,1.32221902828,0.13611590044226465,1.066637933936226,34,180.0,0.279311407189,0.1344779751293828,28.6674762858
87.4347826087,0.706858983337,43.0,1.0698993264562335,46,0.005377404909879575,56.809327135,1.3146569804,0.11589838765856153,1.0698993264562335,35,181.0,0.273575780196,0.11314749098565019,29.2103705333
89.2,0.687683493337,38.0,1.0700145829955743,45,0.0024287861432472323,57.1069803403,1.31464565444,0.11273599754118448,1.0700145829955743,36,200.0,0.273567165011,0.1116459792293391,33.3403992511
91.1590909091,0.719280526949,50.0,1.0696198665363623,44,0.003742769158753708,58.306815128,1.3170902334,0.1139736786225961,1.0696198665363623,37,200.0,0.275424934767,0.11243489195624391,30.678644617
87.2608695652,0.72567337712,44.0,1.0710510844088892,46,0.007419175756938288,56.8293558606,1.30373551073,0.11292817703046472,1.0710510844088892,38,160.0,0.265233613733,0.10958404712936032,27.9669329454
85.4680851064,0.722057158628,43.0,1.069848871197465,47,0.002743542498807617,56.0526453614,1.30303481545,0.11924192254520112,1.069848871197465,39,172.0,0.26469601724,0.11754621686592001,28.2593242483
89.4888888889,0.709424784006,46.0,1.0693773120048844,45,0.004278686909592672,57.4314554242,1.30082267836,0.13640286545958796,1.0693773120048844,40,200.0,0.262996893826,0.13355090470403447,32.3286059927
89.4444444444,0.694887171971,48.0,1.0729840912039583,45,0.0023731619669158407,57.1260759714,1.28571690669,0.10782723369481337,1.0729840912039583,41,200.0,0.251316466815,0.10659286499501268,34.1340856399
88.1086956522,0.66853065017,52.0,1.072571189853782,46,0.004640106606551741,56.7412269274,1.29192811353,0.0847357169937112,1.072571189853782,42,200.0,0.256135764129,0.08287612044812942,33.5612537083
100.414634146,0.665628509398,52.0,1.0715528719103666,41,0.0026018981022493236,61.0196893851,1.30084051876,0.10767908259201803,1.0715528719103666,43,200.0,0.263010608437,0.1063359593864664,38.8417524973
99.0,0.697871995026,53.0,1.071895745934955,41,0.0023590245681477055,60.7970337217,1.29296627489,0.0957320995785213,1.071895745934955,44,200.0,0.25693901661,0.09478157975980912,36.4591318147
89.6666666667,0.691360340883,49.0,1.0732477279061503,45,0.0031990705239240674,57.2781277382,1.29073947728,0.11536417792155111,1.0732477279061503,45,199.0,0.255215292334,0.1138651818704922,34.3097006043
106.921052632,0.66162492478,53.0,1.0747334789847156,38,0.007962516855281526,62.8950676305,1.2886581604,0.10363482581768863,1.0747334789847156,46,200.0,0.253601491272,0.10092061979307569,42.7245655818
93.0454545455,0.706350390472,51.0,1.0744649926171892,44,0.0025532190512612607,58.294345277,1.28385383319,0.10394542470013161,1.0744649926171892,47,200.0,0.249866361708,0.10283739217293246,37.1195577863
92.2,0.709613254723,43.0,1.073480407549322,45,0.006759820223201195,57.5250317454,1.28290835112,0.11847191828957981,1.073480407549322,48,196.0,0.249129649816,0.1146124957608252,39.620757747
92.5909090909,0.703145448535,47.0,1.0750370626352457,44,0.00352308098623218,58.205372826,1.28389081371,0.11231355116586368,1.0750370626352457,49,200.0,0.249895165597,0.110788400335522,36.2825516429
82.7551020408,0.738966855937,42.0,1.0728481577262392,49,0.008122178071761904,54.9416557119,1.28102969557,0.11474102073119498,1.0728481577262392,50,164.0,0.247664204202,0.11035747557321868,27.6704591705
96.4761904762,0.660069013122,48.0,1.0745378311181792,42,0.005836630805555043,59.5345987764,1.25883998014,0.08105499900467536,1.0745378311181792,51,200.0,0.230190646224,0.07834371966864476,38.5364626934
97.6428571429,0.676534422715,45.0,1.076432948424066,42,0.004249283685773138,59.3667026871,1.25586826563,0.08676757124560212,1.076432948424066,52,200.0,0.227827178496,0.08509243618350656,42.6099817439
91.75,0.754390163075,47.0,1.0769234899088096,44,0.005234568613886825,58.019584906,1.25750351456,0.0895845162159397,1.0769234899088096,53,200.0,0.229128417865,0.0871036003838171,34.554387302
91.0444444444,0.728765433602,48.0,1.077008554158778,45,0.0028181631795946966,57.5554389797,1.25720960045,0.09833821521796846,1.077008554158778,54,184.0,0.228894662286,0.09693677644151281,35.9863897455
91.0454545455,0.71518612785,45.0,1.0732373836599398,44,0.005798953608911083,58.4132122576,1.25242116298,0.1015836852637352,1.0732373836599398,55,180.0,0.225078608271,0.09826243990306668,28.3051188315
87.3043478261,0.726713672153,42.0,1.0715668083737255,46,0.006151934677583731,56.5641473941,1.25116463457,0.08900140100013162,1.0715668083737255,56,171.0,0.2240748252,0.08626510948077049,30.8959470856
91.9090909091,0.695134381644,44.0,1.0760758450413896,44,0.004392439178494502,57.5009094592,1.24565283198,0.0755653173407945,1.0760758450413896,57,200.0,0.219659755519,0.07392364691193953,39.0726701637
89.3555555556,0.654166450681,52.0,1.0757278740468879,45,0.005843031291205498,56.8797078625,1.24262054193,0.0866029671227711,1.0757278740468879,58,200.0,0.217222489923,0.0838318073342058,37.0148051794
84.375,0.76151941044,43.0,1.0749627605124674,48,0.0036342469107850184,55.6039605075,1.24532962989,0.10842572337724445,1.0749627605124674,59,176.0,0.219400257837,0.1063652986464644,27.9058125666
88.5434782609,0.506180946167,43.0,1.0743130746043164,46,0.006123032067621542,56.4098195221,1.23803251627,0.09003067446693243,1.0743130746043164,60,200.0,0.213523439075,0.08713237698285513,37.2871970811
85.5744680851,0.733911565519,48.0,1.0744281627852357,47,0.00785437229723895,55.3596737421,1.23673126875,0.10217425323270483,1.0744281627852357,61,176.0,0.212471825472,0.0972969410165282,34.5806148382
83.9375,0.77847406007,44.0,1.0753984787954967,48,0.006721696206510465,55.1996717306,1.23046728997,0.09684213890908784,1.0753984787954967,62,176.0,0.207394007778,0.09376806587641844,29.5172310199
88.347826087,0.705828313933,49.0,1.0758783003485972,46,0.007704279944903493,56.9608794076,1.22613848579,0.08633834178889269,1.0758783003485972,63,191.0,0.203869788545,0.08310524278038907,31.6675786689
87.2391304348,0.632648801292,43.0,1.0763017959722054,46,0.005202493299401963,55.6202767954,1.21934211053,0.07881820814241268,1.0763017959722054,64,200.0,0.198311459628,0.07573235628505817,38.5436989621
86.3829787234,0.736225675417,44.0,1.074404978336458,47,0.0042375564468159115,56.3757204106,1.22842104432,0.08508156612147341,1.074404978336458,65,177.0,0.205729640926,0.08294353734765793,29.0469562557
83.5625,0.740299814524,47.0,1.0773291735920891,48,0.004927615631611479,54.5656274713,1.22794271737,0.08286269553636016,1.0773291735920891,66,200.0,0.205340181547,0.08031824037932973,34.1479051639
81.6326530612,0.762930617902,44.0,1.0746522187993814,49,0.00484742905897727,54.089531711,1.22459640582,0.09457157322517155,1.0746522187993814,67,172.0,0.202611325073,0.09203792948820076,30.5077399865
85.7021276596,0.70560128372,46.0,1.0754741220158843,47,0.0021051629650289646,55.880284858,1.22341997604,0.08160484841285565,1.0754741220158843,68,200.0,0.201650195994,0.0801433965618097,31.6717975718
93.8372093023,0.644520474341,50.0,1.0756289544386546,43,0.004278119603405912,58.7618580212,1.2223536599,0.07976261953821442,1.0756289544386546,69,200.0,0.200778229597,0.07786665462976318,35.5716965046
86.3191489362,0.733268972981,48.0,1.0769476696096956,47,0.0069520245320702926,55.7724507353,1.22205805517,0.10339674198248609,1.0769476696096956,70,183.0,0.200536367943,0.09951316340202887,34.2954040609
82.2448979592,0.522944287409,42.0,1.076042518938747,49,0.004550031332457504,53.9765073517,1.21940263336,0.09435579837323718,1.076042518938747,71,200.0,0.198361094041,0.09224718534021865,34.2014026519
87.0212765957,0.737149788784,51.0,1.0740607150720038,47,0.003917216114329507,56.3468713965,1.22194024185,0.0978944078167818,1.0740607150720038,72,200.0,0.200439957627,0.09553321135105516,32.0215946828
83.4375,0.787335098023,48.0,1.074218398076295,48,0.006748010619025951,55.1882857499,1.21939732654,0.09708088036655384,1.074218398076295,73,155.0,0.198356742049,0.0937939832892784,27.8065536715
89.2,0.691799147534,47.0,1.075913215353101,45,0.0031872998059046596,56.8406486769,1.21895031639,0.08844859317670559,1.075913215353101,74,200.0,0.197990091992,0.08616752612968158,36.0688231025
94.1395348837,0.727729545951,50.0,1.0759900307025823,43,0.0037997984183916153,58.7807021463,1.22253701684,0.09984057615285864,1.0759900307025823,75,193.0,0.200928221533,0.09707172711130042,36.6698541644
92.0227272727,0.679256223591,51.0,1.077634929220206,44,0.004979895331878452,57.6074667687,1.22671090995,0.09299211680697421,1.077634929220206,76,200.0,0.204336530758,0.09027561106598461,39.3864816659
95.3255813953,0.669547857797,44.0,1.0743728227625562,43,0.0026817649564553963,59.1259204743,1.22159978613,0.0966993476529633,1.0743728227625562,77,199.0,0.200161299846,0.0949112264296074,37.9324497092
95.8139534884,0.735239540371,52.0,1.0766079550664533,43,0.0022359621239416354,59.4673538296,1.21911319962,0.07341031824010898,1.0766079550664533,78,187.0,0.198123708878,0.07217442559078407,36.4801671597
91.7555555556,0.780727441465,55.0,1.074418076267642,45,0.003471457367922994,58.8639382895,1.22290244162,0.10116507044169229,1.074418076267642,79,159.0,0.201227083792,0.09904119825195902,26.7400287173
109.162162162,0.57113731086,45.0,1.0782264305782996,37,0.003082146341480873,62.7514061878,1.22480276916,0.08437747440767325,1.0782264305782996,80,200.0,0.202779826267,0.08258073753736246,49.3314841157
92.5227272727,0.73797981447,44.0,1.0752487767232988,44,0.002953879318927865,58.5295606955,1.21790075577,0.08036467775551309,1.0752487767232988,81,174.0,0.19712868466,0.07840714037298599,32.8947969334
103.0,0.745000795807,48.0,1.0765212674532474,39,0.0025085354109463825,61.9468857351,1.21822088004,0.08717981966234922,1.0765212674532474,82,180.0,0.197391499345,0.08577968962715754,38.30846462
88.3695652174,0.754764113407,48.0,1.0759087320154201,46,0.00180009149139197,57.0054261376,1.21619435494,0.09764602394360937,1.0759087320154201,83,156.0,0.19572660214,0.09662675608423468,30.7191759228
88.3260869565,0.739503726474,46.0,1.0767996868960024,46,0.0024276185004347478,56.320428147,1.22134016728,0.09163825279078792,1.0767996868960024,84,198.0,0.199948753606,0.08953605929669563,37.0534598208
92.0909090909,0.739702432296,50.0,1.074015919231948,44,0.004889468920775091,58.0152084812,1.21656971474,0.07751961246555082,1.074015919231948,85,193.0,0.196035189234,0.07590183655064395,35.8423430278
100.35,0.701944483932,45.0,1.077718819987021,40,0.003975991841382885,59.97092559,1.21342330367,0.08139639044162643,1.077718819987021,86,200.0,0.19344554161,0.07960638030615089,45.3671411927
97.756097561,0.783608988813,50.0,1.0755437470981457,41,0.00520717707280678,60.3615733425,1.22054804841,0.08676595213875457,1.0755437470981457,87,176.0,0.199299977884,0.08375267465804914,34.6486057072
98.5714285714,0.77269818136,54.0,1.0758711910765952,42,0.003270761267945281,61.2093797797,1.21794964848,0.08756239544951089,1.0758711910765952,88,177.0,0.197168828927,0.08570207948482866,30.5397031647
93.7272727273,0.725598578655,49.0,1.0793689699784397,44,0.002748360633532989,58.3770435123,1.21751261748,0.0855712745816168,1.0793689699784397,89,200.0,0.196809939357,0.08431849898292826,39.0293384033
92.0227272727,0.651904056752,50.0,1.076461138168868,44,0.0014137528010470762,58.4978437598,1.21623623743,0.08951663428640626,1.076461138168868,90,200.0,0.195761038874,0.08850214581555635,31.5021562295
85.2127659574,0.764912103655,43.0,1.0785905837133558,47,0.004704245387467697,55.6560340945,1.21850843376,0.09064193864527002,1.0785905837133558,91,176.0,0.197627515483,0.08794239116753168,30.8854687103
90.9090909091,0.731045519804,48.0,1.0778440727438805,44,0.002692067439291111,57.7657091372,1.21688748774,0.08657749702763301,1.0778440727438805,92,200.0,0.19629635923,0.08507513903443685,34.2250693484
89.6,0.725064357596,54.0,1.076968776879237,45,0.0020485612236882693,57.4656543256,1.2213527258,0.09686279021827891,1.076968776879237,93,178.0,0.199959036132,0.09563809927595555,31.962060843
93.3488372093,0.817918198453,56.0,1.077889561928912,43,0.009696968497981349,59.1722735179,1.21632722014,0.09913966909620937,1.077889561928912,94,155.0,0.19583584285,0.0942266179818101,29.9836263231
103.179487179,0.459499042864,53.0,1.0806595888227533,39,0.0010888096757520809,61.7694643869,1.20877050141,0.0827614316267202,1.0806595888227533,95,200.0,0.189603728477,0.08214426553657724,41.2334640017
102.15,0.708385310346,52.0,1.0787984252093858,40,0.0044805141694911205,61.321250917,1.21629736496,0.0666925512830776,1.0787984252093858,96,200.0,0.195811297203,0.0651292845811119,42.0485136479
96.7619047619,0.707220271732,54.0,1.079280685681002,42,0.005006110104514356,59.449625088,1.2167774183,0.07499122585494185,1.079280685681002,97,200.0,0.196205903522,0.0728133212335617,40.8410446696
98.1219512195,0.734292707391,49.0,1.0785052675629454,41,0.0019466799220243828,59.6864896319,1.21011171139,0.06683027638296063,1.0785052675629454,98,200.0,0.190712678807,0.06566944957753452,42.3448071064
108.421052632,0.751973593646,51.0,1.0809202249973278,38,0.005967853735702179,63.2683051496,1.21606968201,0.07926871912648596,1.0809202249973278,99,200.0,0.195624086183,0.07686724893099542,44.7581992365
93.0930232558,0.518065093332,50.0,1.0777281779353014,43,0.00569657036777924,58.5507891815,1.22015876462,0.08291972543936083,1.0777281779353014,100,200.0,0.198980985212,0.07905926654010799,35.2187938422
91.3181818182,0.756940509368,56.0,1.0787268959244087,44,0.004444912595923161,57.3925768344,1.20898397544,0.0826986006707631,1.0787268959244087,101,200.0,0.189780317156,0.08014469608174364,38.9532194534
94.2325581395,0.673330939937,48.0,1.0784507867328208,43,0.0022308973943893505,58.8005952511,1.21564061674,0.09621746359085133,1.0784507867328208,102,200.0,0.195271194415,0.09514764330247612,37.7727828736
94.1395348837,0.772482839959,55.0,1.0777070608119654,43,0.0035400826629166772,59.211651006,1.21631976698,0.0927685394071571,1.0777070608119654,103,163.0,0.195829715237,0.09048006824040136,32.7524764875
101.525,0.739345344118,51.0,1.0809347314346776,40,0.003077625776482357,60.777726238,1.21846290651,0.0819937172438667,1.0809347314346776,104,200.0,0.19759015169,0.0801489507769779,43.9277745282
96.9761904762,0.769581460229,49.0,1.0775054730704612,42,0.003314144228397958,59.7162373441,1.21097306595,0.08657337390779617,1.0775054730704612,105,200.0,0.191424223163,0.08474654880977521,38.1428942988
91.9318181818,0.755544622257,45.0,1.079065173690364,44,0.004497880463941434,57.9200003387,1.21617320302,0.07996371386481713,1.079065173690364,106,192.0,0.195709210092,0.07738573589168495,36.5397652175
108.368421053,0.763830148116,58.0,1.081096858087104,38,0.0030138128772468254,62.7291471387,1.21320963389,0.08057244965430113,1.081096858087104,107,200.0,0.193269437693,0.07895858443993412,47.9338475361
98.6097560976,0.764298322421,53.0,1.080352977182386,41,0.0026816900345995125,60.3911409571,1.21124770146,0.0799961008622699,1.080352977182386,108,200.0,0.191650986563,0.07863330990131683,38.6137079468
98.9512195122,0.741571442917,54.0,1.078759925503864,41,0.000693567698997121,60.7704641505,1.21708444153,0.08587915098094126,1.078759925503864,109,187.0,0.196458196582,0.08506955123416622,35.7415869135
96.5238095238,0.753366786502,57.0,1.078351974795577,42,0.004520857437069226,59.6573171,1.22211056491,0.07018780886449597,1.078351974795577,110,200.0,0.20057933531,0.06817906490086177,38.1027671131
88.3043478261,0.732513663454,51.0,1.0774998272784686,46,0.004078012401609227,56.7737146914,1.21706133756,0.08950691879293977,1.0774998272784686,111,200.0,0.196439213357,0.08726211670227055,34.3060836063
96.0697674419,0.77630892278,52.0,1.0797101318776252,43,0.00036628749519191105,59.6295579098,1.21674359757,0.0830777226093411,1.0797101318776252,112,200.0,0.196178107804,0.08276421818901755,36.4368809765
89.8666666667,0.744896765038,57.0,1.077955769846527,45,0.0031994015114258727,57.770542335,1.21033300069,0.0830380867528953,1.077955769846527,113,168.0,0.190895528926,0.08106585830896719,30.2166988417
94.976744186,0.737645634699,49.0,1.0786634333372849,43,0.0032074913968426276,59.5985546142,1.21640588007,0.08043729029839898,1.0786634333372849,114,180.0,0.195900510806,0.0786371923431054,32.5522752194
89.2888888889,0.766263819336,53.0,1.07700349158636,45,0.005253506574537032,57.6828706242,1.21672089878,0.10228304864269382,1.07700349158636,115,171.0,0.19615945227,0.0989377440694502,28.6679241757
99.9512195122,0.761630733109,49.0,1.0812504504230633,41,0.0032729036223102317,60.9109161577,1.20797556372,0.08985932303845451,1.0812504504230633,116,200.0,0.188945870603,0.08819110867716286,38.3990289635
91.2045454545,0.816109706785,47.0,1.079133429715527,44,0.0036901749674340383,57.9273994571,1.2164278807,0.09846872719289304,1.079133429715527,117,200.0,0.195918597226,0.09648294402934988,34.4591850438
89.2444444444,0.776459195823,54.0,1.0786233398479084,45,0.0032526669329998033,57.2981477069,1.21396494445,0.08660959977071056,1.0786233398479084,118,200.0,0.193891816149,0.0847940583029202,32.7686540974
91.4,0.649105334424,55.0,1.0784659667306324,45,0.003767197253298352,57.8437315539,1.2136617552,0.07545878771083053,1.0784659667306324,119,197.0,0.19364203372,0.0734655370249981,35.9217668459
93.7209302326,0.787597818859,52.0,1.0785897884581448,43,0.0010968505782731727,58.7664474936,1.21233118154,0.07878160562118457,1.0785897884581448,120,196.0,0.192545102417,0.07807089808595101,35.8091358886
89.6888888889,0.795243823124,51.0,1.0789217926181127,45,0.0021615620494480903,57.6834470612,1.20876615793,0.08168118476966345,1.0789217926181127,121,200.0,0.189600135165,0.08024606099729512,30.5263618113
87.7173913043,0.790810303809,49.0,1.0780921162931754,46,0.005119489912012385,56.7254402228,1.21704208031,0.09714676915842727,1.0780921162931754,122,200.0,0.196423390487,0.09443320890011123,31.6232324087
85.4893617021,0.686280638045,55.0,1.0786889913710995,47,0.004184890573615554,56.0583194181,1.21805228983,0.07969118436884363,1.0786889913710995,123,192.0,0.197253099262,0.07774087913141844,30.0034553616
91.6818181818,0.745888242804,49.0,1.0793856560907895,44,0.002996235188123946,57.7043704522,1.21533638605,0.08447587909545883,1.0793856560907895,124,200.0,0.195020899424,0.0832236346635575,37.5958004952
106.076923077,0.714108336527,59.0,1.0800727628801847,39,0.002654878910905521,62.7931651852,1.21398769397,0.07428558408474863,1.0800727628801847,125,200.0,0.193910555825,0.07303864454051119,41.5392212656
84.7291666667,0.815357950808,55.0,1.0771859335254002,48,0.002752074835698665,56.1089956982,1.21416331302,0.10341262115236445,1.0771859335254002,126,149.0,0.19405520832,0.10162772051328936,24.5210280366
94.6279069767,0.717661426242,51.0,1.0779682808843702,43,0.004159814408461033,59.073607405,1.21493580385,0.08422161578231228,1.0779682808843702,127,200.0,0.194691239059,0.08196571200407991,36.3593328001
88.0869565217,0.777877311283,56.0,1.078223528673419,46,0.004569441910289796,56.9044565596,1.21592320917,0.09119439015611228,1.078223528673419,128,171.0,0.195503631195,0.08838229057496946,31.1774905473
96.6904761905,0.747599931895,58.0,1.078141410199756,42,0.002766163749736403,60.3431395156,1.22332252409,0.08516933022425582,1.078141410199756,129,200.0,0.201570537465,0.08346841661786139,32.6908230135
91.1363636364,0.731652154412,53.0,1.0794351953248547,44,0.005708923437969165,57.7242743617,1.21522643776,0.07642847686107858,1.0794351953248547,130,192.0,0.194930427958,0.07402672353781517,35.8307834316
93.8604651163,0.786618160305,50.0,1.0807505707215883,43,0.005434552700842548,58.1702432805,1.22033013399,0.0745562380519601,1.0807505707215883,131,196.0,0.199121423771,0.07224984726172634,41.231384183
96.2380952381,-1.3816401152,56.0,1.0763739281011253,42,0.002877675332683345,59.9553145273,1.21504727642,0.07627454067965118,1.0763739281011253,132,197.0,0.194782986665,0.07431409293492512,34.2656356551
97.756097561,0.732452286367,49.0,1.0802426083992636,41,0.00286519989412199,59.8715935006,1.20986879042,0.08293398943109884,1.0802426083992636,133,200.0,0.190511916062,0.08150010260664209,40.0881835809
85.3541666667,0.800141151578,55.0,1.077595372714033,48,0.003266975419178089,56.4075631911,1.21169863906,0.09290104461536323,1.077595372714033,134,149.0,0.192023209093,0.09098753081025238,24.1432267791
96.8333333333,0.765507070627,54.0,1.0760530211007233,42,0.0027143695461076573,60.6960429742,1.2118006718,0.08606892244124908,1.0760530211007233,135,156.0,0.192107411913,0.0843628840826551,28.740975119
103.153846154,0.675046137941,53.0,1.0781422533148237,39,0.0030466445628763634,61.7277737403,1.21121971443,0.08059654448624357,1.0781422533148237,136,200.0,0.19162788034,0.07897601478011654,41.9954444792
96.9523809524,0.739389745287,56.0,1.0792705452689293,42,0.003315275830714724,60.3772039674,1.21776410532,0.07976653777265426,1.0792705452689293,137,200.0,0.197016476738,0.07836552634171981,33.0410656326
95.3333333333,0.782715957856,51.0,1.0808195185372929,42,0.0009299441579285106,59.3870824188,1.21402532196,0.09233792326608005,1.0808195185372929,138,200.0,0.19394155071,0.09143358872629843,35.5840163869
92.1363636364,0.639055422192,52.0,1.0800074440478626,44,0.002373121760305427,57.8542248015,1.20892165508,0.09141831026663035,1.0800074440478626,139,200.0,0.189728768112,0.08989665040534217,37.8829482564
107.026315789,0.775932509129,63.0,1.079263594414289,38,0.00195105726681429,64.0966498561,1.21581597669,0.08250774037808761,1.079263594414289,140,200.0,0.195415437129,0.08173792867346381,33.7627066467
86.829787234,0.757700987796,52.0,1.0789936211401896,47,0.0031585600899574225,56.205740451,1.20901958643,0.08767346908479692,1.0789936211401896,141,200.0,0.18980977202,0.08565059939516306,33.4010569007
89.3333333333,0.708516218564,51.0,1.0790999321298151,45,0.001838382757656527,57.5942589142,1.21554886367,0.07669960916763298,1.0790999321298151,142,194.0,0.195195714439,0.07566233279632134,30.0865418418
93.3720930233,0.769772477357,50.0,1.0802145343348515,43,0.0035323571765987533,59.1303458051,1.2168301705,0.08786115444299653,1.0802145343348515,143,186.0,0.196249256609,0.08592137524041817,31.4494968021
91.1777777778,0.785450651858,54.0,1.0780989515796078,45,0.0014479729335508497,57.8312249211,1.21335165604,0.06849675952007776,1.0780989515796078,144,194.0,0.193386493999,0.06783741830353265,34.5892011979
94.0465116279,0.774932505791,56.0,1.0798661373623093,43,0.002272410845610071,59.2218318847,1.21068228871,0.08863153985441379,1.0798661373623093,145,200.0,0.191184075658,0.08731731599781802,33.6741937549
95.2619047619,0.72010307482,56.0,1.0799097671599833,42,0.003094485323222902,59.6435308488,1.21817389953,0.09125359620008922,1.0799097671599833,146,167.0,0.197352933751,0.08972813988336811,32.7108977937
90.7777777778,0.810497870923,57.0,1.0772211885811678,45,0.002050291807535099,58.3760233218,1.21764162629,0.09499271682407198,1.0772211885811678,147,173.0,0.196915894705,0.09386244514444031,28.0427363452
93.5348837209,0.805154785066,57.0,1.0791050028156741,43,0.0031056598660167112,59.4896796264,1.21843215057,0.08288085370753406,1.0791050028156741,148,184.0,0.197564909786,0.08126267804839296,28.1989186971
84.0208333333,0.816479347549,54.0,1.0784587202631173,48,0.0036623824561974254,55.8188239862,1.21706914697,0.1030607591327582,1.0784587202631173,149,150.0,0.196445629948,0.10109339763771477,24.3665494611
90.8888888889,0.799091797542,53.0,1.0801139967676852,45,0.0032503769811304006,57.8825935723,1.21923900309,0.10641493940671887,1.0801139967676852,150,200.0,0.198226896165,0.10440160460394629,32.9337531837
86.4042553191,0.551217740903,52.0,1.0779984289489202,47,0.004252518582273932,56.4610591529,1.21738927417,0.10593837676176508,1.0779984289489202,151,200.0,0.196708626602,0.10380073034930684,28.9810353063
104.051282051,0.679844586615,53.0,1.0803637026948423,39,0.0030787163696495527,61.5227729313,1.21590125262,0.07524506298294228,1.0803637026948423,152,200.0,0.195485573516,0.07419326392880397,45.5231407584
97.4285714286,0.752631603612,43.0,1.0793625466859227,42,0.003193929087570477,60.1182013215,1.21481124751,0.09311063098266785,1.0793625466859227,153,200.0,0.19458871288,0.0913388449964159,36.982069566
91.1555555556,0.832133309012,55.0,1.0780197624391714,45,0.0033918126194451385,58.5149547004,1.21978506644,0.09627581377238123,1.0780197624391714,154,161.0,0.198674668176,0.09380552912399301,27.9538950222
92.1136363636,0.697978280271,49.0,1.0771312463240508,44,0.0020847571891603905,58.3953797385,1.20968698063,0.07238670808306662,1.0771312463240508,155,200.0,0.190361632451,0.07109270359563588,33.3904013896
92.0681818182,0.755012311356,51.0,1.0793628709111447,44,0.00774302945306372,58.0739089726,1.20786378985,0.07453331021026584,1.0793628709111447,156,199.0,0.188853336407,0.07226061956118823,36.1973113814
91.7045454545,0.744164216511,52.0,1.0804264591675867,44,0.0025214764854918294,57.8150678752,1.21020600183,0.08587069322437867,1.0804264591675867,157,200.0,0.190790594562,0.08468538337200196,37.4053833908
93.1627906977,0.0186686861843,56.0,1.0784337637532369,43,0.0029482979044861916,58.2242251523,1.21382673739,0.08460788961883076,1.0784337637532369,158,200.0,0.193777962014,0.08291231722258982,38.0268755833
96.8333333333,0.717995405706,56.0,1.0810417899025324,42,0.00398143838626563,59.8534558938,1.21586568805,0.08756215385077773,1.0810417899025324,159,200.0,0.195456323536,0.08579543312590734,37.3528329178
91.5454545455,0.479340426516,51.0,1.0798449654473838,44,0.002803927761331833,58.2384363485,1.2122278699,0.0871965956442845,1.0798449654473838,160,189.0,0.192459881447,0.08569792145710661,32.226086656
96.4523809524,0.657149263941,51.0,1.0785207784843285,42,0.0029244687993624004,59.9292669923,1.21101404219,0.08653593000906319,1.0785207784843285,161,183.0,0.191458060034,0.08494856526656944,35.0110202929
92.3636363636,0.764481216035,51.0,1.0764211605114693,44,0.003740209324049036,58.4057270487,1.21924723631,0.08418562935374964,1.0764211605114693,162,200.0,0.198233648892,0.08194896398759716,33.8681205085
86.2340425532,0.742895566197,51.0,1.0785765156992524,47,0.00182096229719657,55.932131971,1.21471526794,0.09206836604255135,1.0785765156992524,163,200.0,0.194509701954,0.09083064907247251,33.8332662469
94.4651162791,0.387679435808,49.0,1.0778355168974327,43,0.0033697505372680308,58.8341034739,1.21453787051,0.08883243813694693,1.0778355168974327,164,200.0,0.19436365095,0.08684062549848934,37.8481352416
109.621621622,0.723604597065,59.0,1.0795629256734696,37,0.004336125178535703,64.3343232705,1.21412229471,0.07444970394404272,1.0795629256734696,165,200.0,0.194021424555,0.07252245441969005,39.3819490488
96.3095238095,0.732013694389,46.0,1.0802295624535756,42,0.004309371678242768,59.6153392166,1.21633636122,0.07820022365039367,1.0802295624535756,166,195.0,0.195843358142,0.07642122511688981,37.5832334041
96.4285714286,0.76268469986,51.0,1.0798283413502303,42,0.0026443053295105495,59.6746159695,1.21845852792,0.0922893691413466,1.0798283413502303,167,188.0,0.197586558146,0.09064023248161125,36.5618477034
97.8095238095,0.783460206689,48.0,1.079626304623943,42,0.0032505646032938746,60.2594547259,1.21039089096,0.08948267148035619,1.079626304623943,168,200.0,0.190943357822,0.08789066268566215,36.6198216526
95.7619047619,0.575759642458,51.0,1.077647296638511,42,0.0029033941302255405,59.8534010569,1.21586219325,0.10259207995415005,1.077647296638511,169,200.0,0.195453449202,0.10050137339301762,33.3586638449
89.8888888889,0.804147208959,57.0,1.0797370830897592,45,0.0032512308721859644,58.0218397015,1.21392315909,0.08955369085865302,1.0797370830897592,170,177.0,0.193857394994,0.08771199383293786,27.9684125178
94.488372093,0.744842124481,49.0,1.0797356086301053,43,0.0031141030703182096,59.3752205566,1.21429893893,0.08031721058677185,1.0797356086301053,171,200.0,0.194166905268,0.07877090075668752,33.5222051316
87.2173913043,0.83805032407,49.0,1.0783905647744763,46,0.00356231632930754,57.1294411755,1.2167399055,0.10112296151947688,1.0783905647744763,172,150.0,0.19617507342,0.09845820456593966,25.0667916848
84.1875,0.840783856661,54.0,1.0789770619027206,48,0.0022313423407191173,55.6441154108,1.2185924813,0.09451280479490992,1.0789770619027206,173,156.0,0.197696488862,0.09307878464970293,26.9649898402
96.7142857143,0.780616393363,52.0,1.080348528449681,42,0.00400783244704145,60.1990687251,1.21432979294,0.09046447640292804,1.080348528449681,174,200.0,0.194192313854,0.08799675944887674,33.7429256884
103.461538462,0.682696366007,49.0,1.0798209791794071,39,0.0028085043564949146,61.7245555078,1.21844774115,0.0742392201833744,1.0798209791794071,175,200.0,0.197577705309,0.0729427567668943,42.2700998487
103.538461538,0.776959118075,53.0,1.0804738694272893,39,0.0026697675301507835,62.3964726379,1.2076891929,0.0840909425682815,1.0804738694272893,176,181.0,0.188708775758,0.08262616696296252,36.5077063546
91.75,0.721627231991,55.0,1.0774702125210518,44,0.0030745983245143976,58.3018289087,1.21758497523,0.08693349409846127,1.0774702125210518,177,200.0,0.196869368386,0.0852480664070206,33.4651277112
87.9130434783,0.761854004503,55.0,1.0778180349886726,46,0.0035407645928356435,57.0488447162,1.21427085621,0.0755237772199927,1.0778180349886726,178,191.0,0.194143778307,0.07389777568455333,29.7619731748
93.5813953488,0.74176795464,55.0,1.0784021446676155,43,0.0030244195620995787,58.9007977578,1.21221872714,0.07420419202154563,1.0784021446676155,179,196.0,0.1924523393,0.07260810395789871,34.6022129674
96.023255814,0.748108750747,58.0,1.0772245611935192,43,0.001989346875461775,60.0859862453,1.22086695917,0.10478764984788545,1.0772245611935192,180,200.0,0.199561228645,0.10319241833526889,32.8431709458
96.880952381,0.761617430963,54.0,1.0799955133226473,42,0.0014581982535857147,60.2584604279,1.22017792446,0.08911850283958514,1.0799955133226473,181,200.0,0.19899668783,0.08812381051167972,33.9524894809
88.5652173913,0.74896642048,52.0,1.0767363087406203,46,0.004424108053300691,57.5925794477,1.21586317222,0.09039927752035957,1.0767363087406203,182,167.0,0.195454254367,0.08734281468272909,26.6659302041
87.3695652174,0.804723542844,53.0,1.078032368419336,46,0.0013419704433594388,56.8681736515,1.21292470175,0.08788816317159166,1.078032368419336,183,163.0,0.193034551987,0.08675333399235505,28.3988354749
100.575,0.726217427847,56.0,1.0778603982964297,40,0.004524922861546185,61.3605519567,1.20814763257,0.08480281466785998,1.0778603982964297,184,200.0,0.189088304439,0.08236818620758542,36.4327376819
99.487804878,0.720229186704,57.0,1.0786241472812343,41,0.002044797552728092,60.2127683493,1.21750136735,0.08482603797948972,1.0786241472812343,185,200.0,0.196800699058,0.08371734754706958,42.600882821
103.769230769,0.636173677402,48.0,1.0778599460010378,39,0.0023979763840963897,62.217653514,1.20829714462,0.08054328192613189,1.0778599460010378,186,200.0,0.189212049911,0.07933250408294479,39.2810135767
109.918918919,0.723781375267,55.0,1.0785715107517995,37,0.0024687530304467165,64.5133390704,1.21155914019,0.08466197078557335,1.0785715107517995,187,200.0,0.19190807576,0.08300633242420907,38.981893495
95.4285714286,0.75763416887,56.0,1.0794667534051237,42,0.004184407543903177,59.5840111264,1.21641617803,0.07559126381327058,1.0794667534051237,188,200.0,0.195908976658,0.07433522925212412,34.7118360884
101.55,0.758428304221,55.0,1.0800903764057306,40,0.0031100844870147457,61.6625811141,1.21485246646,0.08268099791133852,1.0800903764057306,189,193.0,0.194622642634,0.08111338061744355,37.6536518813
84.2291666667,0.616898121915,51.0,1.0773863908284875,48,0.002367053601562224,55.7089658865,1.20819220308,0.08923572983058667,1.0773863908284875,190,200.0,0.189125195369,0.08800916892108855,27.4182417861
96.8095238095,0.788000895431,47.0,1.0793001999013139,42,0.0036603260329530814,60.6385750798,1.21346199019,0.09437908314971827,1.0793001999013139,191,173.0,0.193477423229,0.09190589343275408,29.1786272852
91.1818181818,0.793170770157,48.0,1.080708207067797,44,0.002178474775595675,57.9568227725,1.21133186295,0.0771837482805559,1.080708207067797,192,198.0,0.191720467453,0.07576264821021557,33.4040503309
98.1219512195,0.70359821743,51.0,1.0798584701280172,41,0.002460425461352226,60.6251725108,1.21765075383,0.08437513976086379,1.0798584701280172,193,193.0,0.196923390756,0.08335943542336068,34.4576057107
89.0869565217,0.786110942115,47.0,1.080556857154737,46,0.0014449531262604885,56.7886767303,1.21195252223,0.07865420317168859,1.080556857154737,194,195.0,0.192232713801,0.07788134862888656,35.7563166125
91.5454545455,0.411142880376,59.0,1.077494991931779,44,0.0028303926033165206,58.9312032536,1.21167826416,0.09081168844561101,1.077494991931779,195,161.0,0.192006393794,0.08873218433037745,25.2122395831
94.3953488372,0.766592351824,43.0,1.0803421200883627,43,0.004388245925130495,59.1817779816,1.21252411343,0.10155059095864086,1.0803421200883627,196,189.0,0.192704230993,0.09851512645461627,34.2827772442
92.1590909091,0.69726177198,54.0,1.0790435792580215,44,0.0021830228695871277,58.4447859907,1.21404257862,0.08058703778717638,1.0790435792580215,197,190.0,0.193955765021,0.0795277970533911,32.4415160375
89.8666666667,0.506877939388,47.0,1.0774992707889093,45,0.002880581707409105,57.976706013,1.21232293882,0.0847308514319683,1.0774992707889093,198,200.0,0.192538303329,0.08304576176380883,28.4156451429
104.282051282,0.73565837563,46.0,1.0793147526628037,39,0.0030877871060523113,62.4380793318,1.21474567095,0.07879718679172919,1.0793147526628037,199,200.0,0.194534730557,0.07660557221940628,38.7456854292
87.1956521739,0.758270465932,50.0,1.0787018826435777,46,0.0038083828893067497,56.6229357021,1.22103064692,0.09992108849669844,1.0787018826435777,200,200.0,0.199695294663,0.09733409022870679,30.8069864784
105.615384615,0.667715883362,56.0,1.0793317108105847,39,0.0015431137917751839,61.7288116091,1.20885784489,0.07402415201093075,1.0793317108105847,201,200.0,0.189675983979,0.07315957779052086,48.6381803096
89.7111111111,0.766420542736,49.0,1.0777311135609253,45,0.0037644711173608156,57.7407769528,1.21764458112,0.097197413132235,1.0777311135609253,202,161.0,0.196918321385,0.094955923432372,29.3966152415
83.9387755102,0.816103911285,51.0,1.0785324943099672,49,0.0014285191458976048,55.4038941558,1.21714989218,0.09054173886299215,1.0785324943099672,203,200.0,0.196511971728,0.0891545550212107,28.7397954655
92.3409090909,0.60139145174,54.0,1.0768259991070888,44,0.002365725103726232,59.0143924579,1.21485392928,0.0913377025402019,1.0768259991070888,204,161.0,0.194623846749,0.08970688336807109,27.538356046
85.6808510638,0.755322959928,49.0,1.0770569307506277,47,0.00229624665436322,56.3421792814,1.21541674333,0.09886422194157603,1.0770569307506277,205,200.0,0.195087016605,0.09711767732300625,27.3052924361
89.8,0.757300599561,57.0,1.0767762372585443,45,0.001867607844571654,57.5888632026,1.20900326283,0.0964545497023469,1.0767762372585443,206,200.0,0.189796270415,0.0948385258912259,31.7739236202
85.3404255319,0.758249841683,41.0,1.0792435700877643,47,0.0018012828786897015,55.289999656,1.21016940566,0.09401669174087413,1.0792435700877643,207,200.0,0.190760354489,0.09279698446326193,34.7282928349
82.2653061224,0.754860689243,47.0,1.0783558516392504,49,0.0025355981066289366,54.7045192979,1.21943575815,0.10487016212905584,1.0783558516392504,208,200.0,0.19838825844,0.10320106421374226,28.4918717447
89.8,0.749219748602,51.0,1.077123166361737,45,0.0027587523671102907,57.4890375075,1.21397073251,0.08374198651960882,1.077123166361737,209,184.0,0.193896584034,0.082186937074868,32.2204903749
92.4222222222,0.739891396736,49.0,1.0810135184072829,45,0.0011934175935152907,57.704355001,1.2165792229,0.08640697928283933,1.0810135184072829,210,183.0,0.196043004756,0.08573660348005734,39.2702821702
97.6829268293,0.521933875243,51.0,1.0787182303960887,41,0.003060394363927453,59.7494715935,1.21816061651,0.09080342224148552,1.0787182303960887,211,200.0,0.197342029649,0.0889841735903285,39.9990481743
100.4,0.778937880762,51.0,1.0814621374804607,40,0.0013135174082814078,60.8441354834,1.20987901563,0.07664607786634221,1.0814621374804607,212,200.0,0.190520367529,0.07551247133514094,40.7840655158
82.0204081633,0.169681379325,53.0,1.0783247974358317,49,0.0018372186745944119,55.0049563381,1.2199358507,0.09843035714961218,1.0783247974358317,213,153.0,0.198798275967,0.0973116671066644,23.5393632948
97.8292682927,0.692239083425,52.0,1.079044522874706,41,0.0029861615092252234,60.3975463153,1.21774595826,0.07786448959601322,1.079044522874706,214,195.0,0.19700157468,0.07635338605263414,35.8185824773
81.12,0.786371125262,52.0,1.0803072746541098,50,0.002574813932338903,54.1660417214,1.21679767494,0.08653005485443452,1.0803072746541098,215,179.0,0.196222551166,0.0848400203443874,28.1322875003
83.6458333333,-1.18192985124,50.0,1.0778749598047717,48,0.002644576575475122,55.6837229645,1.2171882748,0.09661535730341875,1.0778749598047717,216,157.0,0.196543506064,0.09515622320899475,23.8174389745
87.7826086957,0.718143981961,52.0,1.0797145442730514,46,0.0025316046734450382,56.4623082454,1.21626624842,0.08280259332003648,1.0797145442730514,217,194.0,0.195785713868,0.08156088380307606,34.6246412905
96.5476190476,0.728748411662,54.0,1.0802657590951803,42,0.0032312690773494504,59.8088383527,1.20953193893,0.08160550517049575,1.0802657590951803,218,200.0,0.190233457439,0.0803058530789333,36.6568400562
91.1818181818,0.793819256397,55.0,1.0786324346937866,44,0.002269726385185646,58.0845445977,1.21112237751,0.08850626463597819,1.0786324346937866,219,182.0,0.191547514383,0.08711498374218887,32.1235347931
89.5111111111,0.824550772434,49.0,1.0791801978245885,45,0.003033625278356086,57.2906837033,1.2171234577,0.08280573594576883,1.0791801978245885,220,200.0,0.196490253146,0.08139760760892636,33.3530756351
94.2558139535,-0.0848538593644,47.0,1.078833420494753,43,0.001970907748872008,58.8932623748,1.20673143536,0.07245379779051805,1.078833420494753,221,192.0,0.18791541144,0.07113617612153794,36.4366880169
98.243902439,0.740531371438,59.0,1.0782110129005122,41,0.0032946044739102245,60.9381142232,1.21768746249,0.09167997889810983,1.0782110129005122,222,186.0,0.196953537419,0.09003435645366353,32.2155700031
94.1860465116,0.725757875392,51.0,1.0791237479062696,43,0.0019322375595973214,58.5933882661,1.21677079438,0.08058614848017434,1.0791237479062696,223,200.0,0.19620045969,0.07952358175380961,38.8666508653
95.5,0.747797610383,52.0,1.0788316388793378,42,0.0027396856585704455,59.1494205164,1.20816413163,0.07747020696849295,1.0788316388793378,224,200.0,0.189101960838,0.07608687729927155,38.3705306068
87.0652173913,0.740386577825,50.0,1.0791951335442744,46,0.0022030439056934894,55.9189840671,1.21283044336,0.07796159068367754,1.0791951335442744,225,200.0,0.192956837302,0.07649370074581054,36.357166732
86.2978723404,0.745720670957,47.0,1.0774538348081235,47,0.004063265853760599,56.4441540068,1.2125531734,0.07935498558993655,1.0774538348081235,226,200.0,0.192728197216,0.07762487051669155,29.1656420523
89.8222222222,0.751396013185,48.0,1.0771159449948429,45,0.003375680090407082,57.2111314136,1.21281545189,0.08229947537761086,1.0771159449948429,227,171.0,0.1929444765,0.08072514289788706,34.1937543933
93.8139534884,0.759434665367,57.0,1.077880508876033,43,0.002883834617353378,59.0090664013,1.21442466708,0.0809754152498989,1.077880508876033,228,191.0,0.19427043961,0.07937984651894915,33.8445528673
89.847826087,0.767658361371,51.0,1.0776808503372,46,0.0007845877687514124,57.6924612892,1.21443613385,0.07742296944660432,1.0776808503372,229,200.0,0.194279881708,0.07700132240910804,31.6687799845
82.1632653061,0.828778261173,50.0,1.0776592077764886,49,0.0029553823560944455,55.1216339563,1.21584314711,0.09472735297897697,1.0776592077764886,230,155.0,0.195437784361,0.09289170345550903,22.9945396702
83.9791666667,0.649724269821,52.0,1.0800889709053105,48,0.0025190466664030166,54.9650747597,1.21302932871,0.08575995559008597,1.0800889709053105,231,200.0,0.193120808326,0.08442956760382152,33.4467796054
100.925,0.501641696588,52.0,1.0794973025234709,40,0.0021479063719385245,61.452209997,1.21756766158,0.07939647233907184,1.0794973025234709,232,200.0,0.196855148622,0.0781243065854006,36.8411369939
90.6444444444,0.763022617109,47.0,1.0777840830949812,45,0.0026457977400344878,57.6248082827,1.21319634812,0.07036159438568623,1.0777840830949812,233,200.0,0.19325848671,0.06912983023932938,34.6866324271
86.2127659574,0.778083073292,44.0,1.0781899745561103,47,0.0025650826924253664,55.7259878806,1.21276650207,0.08126362222267838,1.0781899745561103,234,200.0,0.192904115199,0.07989795448019091,34.8339136354
88.9130434783,0.705768206546,50.0,1.0781559858573382,46,0.003124847640217088,57.3721359814,1.21480038388,0.09042174608753516,1.0781559858573382,235,200.0,0.194579770195,0.08877467504303285,30.5435014699
95.7619047619,0.686902981876,53.0,1.0775002154321662,42,0.0036745485879428295,59.6161608681,1.21516026262,0.08346517276118949,1.0775002154321662,236,200.0,0.194875971483,0.08170240305717974,35.3437604945
91.2,0.752257416924,50.0,1.0788765028101235,45,0.0004186669708571509,57.8159280309,1.21122405073,0.07767118062823156,1.0788765028101235,237,194.0,0.19163146045,0.0774246155115734,35.1179599509
85.4255319149,0.776408749906,56.0,1.077442280266241,47,0.0017551816547163725,56.2125168034,1.22117892457,0.10249419399887225,1.077442280266241,238,200.0,0.199816723766,0.10148746881220465,27.6357344069
87.3695652174,0.765407335561,45.0,1.076210258135149,46,0.0015675803933531427,56.9241598182,1.21851240617,0.09340219917783973,1.076210258135149,239,200.0,0.197630775544,0.09233284884954468,28.810745803
87.847826087,0.676335133556,49.0,1.0805413383189424,46,0.001805484139995759,55.9682832893,1.21889542706,0.0810134991982137,1.0805413383189424,240,200.0,0.197945060977,0.0801150131229428,38.6994929701
92.6818181818,0.529470010986,44.0,1.0786477773980399,44,0.002309115460946848,57.6876371499,1.2121371975,0.06866950737532838,1.0786477773980399,241,200.0,0.192385080501,0.06745909777435843,40.5410974014
104.666666667,0.71720143566,55.0,1.0783855494480854,39,0.0029359415782324004,62.5029885221,1.21193888146,0.07973045479576203,1.0783855494480854,242,200.0,0.192221458534,0.07813191860566018,39.9097271951
91.6818181818,0.748142228034,57.0,1.076851372058418,44,0.001591310693091844,58.5373515874,1.22068146052,0.09294212203876669,1.076851372058418,243,200.0,0.199409277,0.09192990808527435,30.8182153392
93.6744186047,0.687505275955,49.0,1.0762079218126108,43,0.002140026721688996,59.0136983172,1.21123736787,0.08582937174486592,1.0762079218126108,244,194.0,0.191642455168,0.08439021811709174,32.8135826459
92.0,0.785417777809,56.0,1.0773932406700233,44,0.006369174599501157,58.6879658581,1.21093012914,0.10604180371456469,1.0773932406700233,245,174.0,0.191388766078,0.10287787608308344,29.8077171216
84.5208333333,0.764847853108,47.0,1.0784609643130871,48,0.0019882761783636964,55.1043815436,1.21686295482,0.09635352748786342,1.0784609643130871,246,196.0,0.196276198641,0.09493894687429767,33.6984109315
92.25,0.69951492942,51.0,1.0780968044254138,44,0.0023905434828732108,58.7642812562,1.22015266685,0.07978930075412155,1.0780968044254138,247,200.0,0.198975987678,0.0786015500296039,30.8081490105
87.4130434783,0.818107352343,47.0,1.0770118705777567,46,0.002425745995414711,56.8872157675,1.21596591738,0.09803382143907913,1.0770118705777567,248,153.0,0.195538754682,0.095679535919609,27.9864688477
95.0,0.658476354447,57.0,1.0788749749356825,43,0.002777109359329524,59.2742865876,1.21365120805,0.08373484429399224,1.0788749749356825,249,195.0,0.193633343324,0.08205134562747508,35.9236917355
